107,1912,107,107
1684,2266,58,1684
1912,2206,428,3437
3437,2233,563,1912
0,2464,1684,1085
2543,2142,171,0
2347,2218,348,698
1888,2078,483,567
1800,2123,414,58
1663,1993,376,428
1352,2410,475,563
2266,2244,566,860
483,2507,1666,414
348,2240,1534,1577
1730,2340,484,348
1985,2229,353,1718
1941,1985,1171,686
2233,2088,651,594
2142,2073,420,136
1431,2220,1085,3980
1199,2131,1687,1465
1584,2604,1577,171
2206,2059,1718,862
1768,2309,1165,483
2229,2590,1136,2543
2410,2369,1465,3830
2611,2611,0,376
1086,2602,1912,1666
1589,2607,580,1420
2047,2090,1505,1534
2218,2188,1405,713
2078,2560,1656,475
1993,2201,990,1405
2123,2586,1642,828
1746,1983,1758,1505
2464,1946,1419,745
1827,2347,1450,173
2240,1943,1726,34
2507,2324,517,719
2560,2150,366,2347
2244,2601,606,1165
1983,2118,526,805
2309,1938,641,484
1126,2172,1663,747
2088,1917,1352,1171
2131,2030,1173,830
2340,1962,1420,703
2602,2331,601,353
2324,2624,1835,1361
2369,2625,1361,697
2590,2593,1376,596
2542,2290,1126,823
2604,2542,1621,3756
1804,2564,1536,389
2073,2275,1358,526
2220,2428,1013,566
2607,2064,1029,1941
2188,2615,1574,4031
1390,2184,925,2266
2059,2104,1320,1642
2172,2414,1522,517
1943,2323,1545,198
2150,2103,1237,3877
1833,2326,1688,651
1946,2500,1179,3684
2428,2271,1692,119
2526,2139,1509,637
1377,2492,1374,1656
1612,2354,916,2047
1917,2600,1074,363
2201,2395,1313,580
2331,2339,930,1419
2601,2381,1334,2007
1621,2093,1289,2542
1938,2409,1098,3495
2090,1984,1300,3561
2118,2356,1549,1758
2384,2526,1593,3633
2564,2045,1070,538
2624,1971,1317,803
1714,2376,1425,2468
1962,2630,1555,3851
2030,2043,1617,366
2586,2553,1512,3456
1559,2140,1193,3948
2064,1979,1360,3677
2184,2033,1825,990
2625,2374,1806,1352
1707,2655,1511,1663
2275,2124,1778,810
2593,2543,1740,56
2615,2363,1553,2289
2103,2200,1590,800
2111,2460,921,2133
2290,2278,1777,819
1078,2190,1274,2189
2323,2352,1217,606
2414,2638,1114,774
1376,2108,1567,322
1613,2578,1369,1173
1835,2559,1307,21
2339,2423,1408,2268
2600,2520,1866,1126
2104,1966,1446,67
2500,2074,1702,3861
2271,2549,1312,1687
2326,2619,1705,1726
1610,2404,1494,412
2376,2069,1847,1621
2395,2446,1178,373
1399,2482,1338,1835
1984,2550,1803,2117
2139,2037,1421,3674
2409,2370,1588,1376
2492,2020,1210,3173
1622,1918,1410,3577
2093,2121,1187,925
2354,2154,1328,1553
2468,2112,1540,3592
1971,2308,1537,122
1979,2253,1719,419
2045,2299,1077,798
2381,2408,1182,3525
1391,2005,1618,916
2199,2573,1088,1074
2043,2654,1109,420
2278,2551,1483,3454
1211,1929,1518,1317
2033,2276,1226,1954
2037,2561,962,1536
2200,2095,1513,553
2553,2348,1523,1450
2630,2257,915,315
1966,2504,1028,840
2081,2359,1782,1029
2356,2433,1485,1522
1551,1986,1327,1483
2007,2122,1846,460
2140,2083,1808,708
686,2430,1745,3501
1577,2040,1863,1086
2404,2468,1909,1289
1471,2307,1911,395
2124,2495,1626,304
2460,2386,1440,3440
2069,2546,1883,2199
2190,2212,1458,609
2352,2521,1852,2143
2374,2539,951,497
2655,2469,1196,1593
925,2063,1780,1688
2363,2086,1769,2642
946,2115,1836,1847
1367,2485,908,2283
2328,1997,1197,1193
2638,2109,1817,3962
1059,2575,1697,1334
1839,2216,567,641
2423,2334,363,1098
2520,2467,637,1070
2559,2261,538,2038
2108,2646,596,1136
2578,2556,1086,1509
2598,2084,1800,1926
2619,2077,389,856
2054,2623,1025,285
2074,2165,1584,3989
2550,2046,1888,3797
1918,2484,1730,3540
2283,1953,1768,513
2446,2237,1431,772
2549,2329,1199,213
1554,1925,629,3750
2112,2506,649,1537
2154,2579,917,2081
2289,2418,1377,2384
2333,2098,1612,1617
2482,1941,1589,3721
414,2306,1078,2512
1516,2631,1746,3550
2133,2477,896,1338
1184,2552,1827,3872
2020,2563,1813,3651
2121,2532,1277,601
2370,2489,1487,1540
2551,2300,1238,3886
2253,2213,1622,1702
1185,2574,1804,391
1522,2060,1390,2111
1736,2056,1604,500
1813,2591,1645,169
2087,2210,1616,422
2308,2554,1833,908
1718,2179,1620,525
2005,2392,1783,921
2257,2462,1844,3556
2299,2407,1367,857
2561,2164,1714,2054
993,1989,1559,804
2095,1963,946,2176
2276,2353,1427,3692
2282,2499,1707,3101
1986,2606,1104,324
2408,2136,1882,370
1238,2478,1204,2328
1799,2429,1613,465
2040,2055,1122,339
2573,2058,1598,1590
1557,2287,1610,561
1929,2391,1399,456
2348,2536,1329,590
2504,2311,993,2333
2654,2258,1391,1806
1879,2576,1767,917
2336,2007,1673,1369
1017,2387,1155,3263
1420,2613,1211,2292
1604,2021,1192,2128
2187,2449,1557,1178
916,2147,1128,3943
1146,2189,1551,559
2032,2476,1471,374
2083,2092,1014,400
2359,1942,1080,542
2433,2026,1786,1360
1331,2512,1059,1518
1662,2081,1839,2325
1945,2350,1032,3487
2122,2303,1357,1312
2430,2393,1514,1555
1603,2292,1554,2302
1793,2384,1897,1574
2495,2383,1332,1584
2546,2336,1516,1523
1006,2328,1184,2247
1076,2067,1250,2869
1132,2333,1435,2072
1222,2047,1871,436
1447,2427,1095,2336
2117,2044,1185,2510
2292,2567,1736,492
1107,2501,1146,1217
2063,2199,1475,1028
2068,2087,953,1549
2084,2153,1893,2031
2307,1577,936,2498
2521,2302,1791,402
2575,2111,1799,1274
2212,2283,1148,531
2511,2279,1175,2327
2539,2598,1515,2511
1153,2398,1879,423
1717,2054,1017,2419
2153,2510,1473,2472
2334,2555,1661,2102
2386,2187,1729,2032
2138,2592,1742,2598
2510,2597,1899,1782
1250,2183,1630,360
1361,2511,1331,2398
1669,2071,1662,2132
2485,2282,1349,431
2839,2629,1603,1513
1329,1945,1793,461
1598,2032,1255,2068
2086,2138,1467,1182
2115,1959,1680,387
1256,2319,1006,2282
1488,1920,1076,1109
1997,2234,1132,1545
2109,2062,1222,2509
2469,2068,1343,2174
2555,1465,1373,1909
2646,2471,1447,520
1926,2351,1107,1825
2183,2224,1113,503
2509,2533,1611,1226
136,2223,1153,2491
376,2053,1677,1358
2216,2128,1717,1783
1175,2137,1600,504
1456,2338,1828,1237
2102,2102,1066,1911
2471,2289,1261,1327
1509,2491,1282,308
1757,2451,1565,3723
1791,2125,1669,1945
1816,2072,1694,1863
2556,2117,1495,2451
3363,2194,1820,524
917,2463,1075,2617
1124,1926,1158,463
1902,2039,1256,7
2268,2196,1273,3385
2467,2180,1488,156
2623,2420,1720,1618
2072,2149,942,3741
2224,1948,1001,1197
2261,2133,1160,2087
2279,2247,1235,2629
980,2241,1416,80
1335,2191,1456,515
1620,2327,1543,2417
2149,2052,1881,417
2165,2461,1894,1077
1665,2028,1191,507
1823,2649,1744,1431
2629,2642,1757,2368
2642,2332,1816,1800
896,2643,1124,439
1269,2524,1318,2026
1750,1932,1790,2071
2077,2508,1902,2399
2463,2509,1284,1511
2484,2372,1878,455
1230,2042,980,3111
1491,2127,1335,2223
1925,2436,1679,1307
2327,2169,1864,2250
2592,2250,1020,604
1255,2454,1665,146
1277,2148,1823,2501
1467,1947,1824,2461
1570,2594,967,1846
1689,2344,976,3258
2237,2582,1012,1425
2329,2246,1018,2344
2461,2151,1166,1730
2506,2516,1269,1485
1079,1940,1750,645
1101,2443,1794,2319
1341,1994,1099,930
1683,2268,1230,2313
1867,2002,1491,2138
1920,2518,1606,1985
1953,2458,954,438
2038,2135,968,2471
2046,1718,1570,1088
2071,2208,1689,2153
2302,2475,948,1626
475,2293,1079,3961
1117,2617,1101,3609
1330,2143,1341,2203
1547,2134,1396,1866
1668,2616,1683,2127
2247,1955,1763,397
2294,2038,1867,1947
2300,2608,1117,506
2319,2315,1330,388
2649,2065,1547,3020
2754,2174,1668,1888
3101,2294,1454,1620
1761,2176,1761,2116
1783,2472,1868,1458
1868,2419,1004,1320
2125,2588,1102,2187
2344,2144,1267,3265
2491,2530,1861,2233
1004,2273,1400,2951
1267,2288,1751,432
1947,2010,1842,1013
1959,2215,1849,1768
2174,2132,1637,452
1842,136,1049,378
1849,2343,1125,591
2241,2394,1142,1408
3291,2377,1303,951
1125,2537,1520,1964
1520,2385,1608,434
1600,2203,1675,3019
1608,2653,1732,2394
1617,2547,1528,1959
1675,2609,1766,683
2098,2264,947,1692
2176,2498,966,2529
2418,2259,1324,2183
2223,2254,1695,2294
2567,2368,1721,2279
2579,1954,1752,2458
2631,2465,1870,1328
2742,2445,1048,1939
3082,2399,1214,269
428,2161,1242,1972
637,2267,1305,1813
947,2589,1345,1128
966,2239,1480,2224
1173,1939,1595,2730
1721,2438,1619,769
1752,2285,1172,915
2053,2434,1291,1494
2056,2019,1429,3248
3397,2417,1573,2616
1214,1916,1609,2389
1619,2232,1809,1604
2180,2057,1812,1440
2617,2101,1108,2594
1172,2243,1243,408
1291,2345,1309,150
1809,2262,1344,2155
2189,2163,1370,2062
2306,2280,1563,103
2477,2396,1597,546
3320,2242,984,404
3426,2304,1459,544
1243,1964,1706,2863
1370,2198,1281,3100
1563,1970,1382,1435
1597,2235,1582,2649
2039,2544,1245,3406
2127,2473,1472,2042
2552,2584,1529,2264
1416,2330,1735,2142
1191,2603,1110,2364
2196,2325,1290,556
2351,2502,1302,896
2563,2572,1322,1277
953,2390,1397,962
1104,2622,1479,1883
1735,2110,1682,1973
2169,1981,1083,1745
2194,2367,1392,1622
2250,2519,1409,2533
2338,2581,1530,1114
2419,2313,1628,1612
2451,2075,1712,3154
1465,1987,1848,946
1948,2226,1886,1827
2398,2048,978,1995
2489,2355,1741,1238
3090,1982,960,405
3830,2605,1272,2475
484,2652,1638,1210
967,2207,1789,2171
1204,2479,1149,2724
1235,2496,1205,392
1302,2003,1508,527
1864,2379,1810,2508
2966,2116,1826,3397
3280,2295,1464,472
3434,2426,1801,1761
921,2571,1845,1472
1048,2415,1898,1951
1083,2222,1163,416
1409,1923,1339,2547
2028,2529,1406,1808
2052,2031,1623,2003
2060,2531,1643,350
2532,2545,906,3291
2944,2221,1067,1487
1530,2274,1156,2608
1712,2425,1850,457
1886,2214,1907,514
2372,2211,919,427
2512,2522,1674,516
2597,2599,1209,1852
3232,2155,1583,554
517,2298,1639,1377
978,2610,1875,2284
1305,2029,997,1480
1741,2291,1271,2267
2863,2272,1625,1567
2877,2401,1003,2592
960,2442,1591,1598
1789,1952,927,369
2213,2432,933,1104
2332,2099,1294,2463
2574,2249,905,1778
3116,2366,1660,1746
353,2637,1685,469
1149,2525,1223,2643
1205,2209,1288,1199
1459,1972,1773,3604
1810,2145,1671,2385
1826,1973,1449,2597
2143,2322,1605,1374
2786,2635,1614,1446
2951,2416,1644,2001
1845,2096,1181,629
1898,2557,1490,545
2582,2318,1795,2538
3051,2296,913,1473
1163,2406,957,2640
1334,2305,1709,2254
1339,2389,1819,1780
1623,2310,1631,1025
1643,2400,1024,2149
2203,2171,1380,1421
2616,2612,1765,1769
2643,1944,952,3090
2719,1995,1227,1329
2986,2364,1359,1630
412,2185,1388,3280
1014,2001,1423,510
1156,1951,1462,2716
1637,1913,1198,2180
1861,2640,1231,3302
2458,2018,1576,508
2533,2538,1580,1204
2608,2126,1716,1955
2661,2480,934,537
2793,2459,1052,3320
3078,2009,1492,2459
526,2141,1659,1948
1128,2362,1753,2588
2210,2024,1652,2555
2508,2365,1026,2039
2782,2620,1189,415
366,1919,1506,634
1192,2004,1699,2018
1345,2378,1724,1591
1583,1980,1539,1146
1786,2284,1632,2004
2475,2447,1737,2225
2669,1976,1754,2502
3387,2022,999,3233
363,2413,1129,2839
997,2085,1323,1179
1271,1998,1596,2754
1483,2177,1636,2567
1964,2645,1275,1998
2026,2659,1280,1705
2042,1927,1448,1991
2462,2252,1469,2024
2591,2566,1654,1196
2956,1921,995,3186
3026,2361,1019,2647
1003,2641,1054,649
1591,2036,1060,2101
1688,2583,1876,630
1932,1991,1347,1794
2246,2159,1375,1528
2394,2202,1393,3051
2537,2648,1402,3366
2716,1935,1428,444
2778,2027,1455,1471
373,2006,1653,25
2132,2061,1647,1512
2179,2657,1857,2053
2377,2647,1207,3363
2436,2312,1538,1559
2498,2157,1885,1175
2594,2225,1123,2526
1242,2627,1221,1588
1480,1914,1268,3426
1685,2107,1298,1235
1940,2660,1460,1916
1954,1988,1470,473
2478,1931,1796,3002
2499,1968,1891,1740
2554,2231,1444,3521
2679,2192,1502,1467
2694,2011,1703,479
3330,2186,982,1221
1288,2440,1135,1014
1609,1975,1519,1836
1955,2636,1040,3596
2128,2585,1041,2324
2164,1999,1351,3168
2392,2371,1496,3201
2906,2633,1872,1410
2927,2494,897,1427
2960,2639,1130,357
3201,2297,1259,3330
563,2474,1287,3140
606,2049,1311,1390
1344,2205,1366,3198
2273,1960,1770,3256
2434,2540,1047,1589
2588,1957,1056,2125
2915,2337,1715,1187
3000,2317,1100,1367
3154,2228,1229,1078
1322,2658,1426,1192
1449,2335,1535,3214
1472,2568,1877,2447
1605,1965,932,2560
2148,2097,1340,2589
2254,2448,1371,3082
3035,2397,1811,1976
513,2488,1859,3117
1181,2000,983,1844
1573,2411,1437,1399
1795,2346,1457,2742
2407,2175,1021,1881
2730,1958,1159,87
2755,2236,1772,3162
3150,2342,1851,2946
3417,2091,1215,1803
1160,2129,1413,3179
1590,2626,1436,1475
1819,2173,1571,471
2135,2644,1691,1222
2191,2628,1578,3304
2516,2023,1011,120
2890,1928,1036,3136
3033,2035,1201,1305
3038,2453,1407,2583
538,2025,1422,1313
1290,2618,1504,1804
1989,2066,1526,1049
2916,2490,1009,518
3324,2497,1082,3545
1963,2286,1278,2144
2151,2435,1283,523
2353,1930,1525,2194
2429,1936,1548,2378
2928,2277,1658,993
3076,2412,1037,953
3198,2270,1348,2494
3252,1990,1507,1674
3596,2534,1655,1124
553,2314,1722,2436
566,2197,1010,3331
1024,2050,1257,2246
1289,2248,1285,1613
1380,2260,1292,2904
2002,2403,1336,646
2134,2170,1432,1391
2313,2089,1542,1932
2750,2341,1561,1786
3152,2156,941,1343
580,1969,975,2659
952,2503,1112,2445
1227,2160,1219,2278
1272,2082,1862,496
1359,2146,973,1920
1388,2514,1140,451
1462,2120,1183,3005
1479,2349,1587,2009
2010,1978,963,3011
3132,2486,1265,1075
3348,2016,1743,1255
3351,2193,1120,1833
497,2452,1379,2065
500,2076,1725,967
559,2650,1727,3274
1198,2558,1807,1080
1580,2513,1855,277
1893,2162,991,1637
2267,2614,1092,1052
2664,2577,1404,3038
2676,2570,1068,3289
2738,2444,1195,2027
2757,2320,1415,246
2777,2080,1482,2343
2910,2114,1723,2148
3054,2405,1734,3116
3104,2012,1841,3938
3545,1992,1853,1155
3938,2656,1293,3027
934,2182,1569,549
1049,2523,981,2901
1536,2455,902,1610
1628,2587,959,3342
1659,2265,1051,1703
1753,2515,1389,2135
1871,2152,1832,2764
2161,2316,1843,2611
2800,2119,924,3077
2833,2402,1169,3360
2943,2256,1180,2660
3350,2358,1314,2780
561,2181,1738,1447
1652,2166,1787,1211
2420,2466,1837,995
2849,2562,1279,1557
1026,2230,1296,2778
1075,2493,1315,3386
1312,2517,1398,1861
1661,2580,1552,1373
1729,1922,1681,3150
2867,1934,1121,3097
3022,1977,1236,2636
3185,1924,1572,430
828,2217,949,1110
1029,1950,1258,1707
1032,2070,1365,1048
1539,1974,1384,3327
1632,1961,1477,1529
1737,2357,1533,480
1742,2130,1701,1300
1899,2450,1831,570
1916,2238,931,1683
1939,2360,988,1469
2325,2373,1524,705
2343,2014,1678,512
2368,2219,1779,678
2589,2424,1858,2738
2925,2105,1873,2229
3226,1933,1774,2748
56,2013,1830,1714
465,2255,1903,1791
906,2113,1190,3152
1070,2439,1412,968
1639,2158,1532,2979
2144,2051,898,3034
2683,2651,923,2944
2828,2251,961,3076
2866,1915,1260,1680
3056,2535,1304,3185
3060,2008,1461,2372
395,2456,1550,3434
999,2301,1634,2653
1323,2548,1650,1551
1358,2041,1733,2137
1596,2527,944,2241
1636,2227,1143,1694
2399,2632,1355,2693
2472,2528,1895,2332
2901,2263,1901,2976
2909,2321,1015,2719
67,1949,1097,1032
1067,2281,1115,2239
1209,2487,1170,3324
1280,2388,1216,1709
2058,2100,1337,1554
2062,2375,1517,776
2501,2621,1710,2377
2872,2034,1860,3017
3049,2505,989,217
3084,1956,1118,1059
3096,2421,1246,482
3344,2017,1624,3107
3347,2422,1649,1017
3396,2431,1686,1828
3604,2245,901,1899
927,2094,903,2793
2264,2441,971,2126
2606,2565,1385,1725
2748,1996,1438,3072
2827,2380,1445,1148
2864,2634,1452,1893
2913,2015,1544,1839
3362,2167,1585,1897
1231,2437,1635,980
1347,563,1798,2169
1375,1937,1008,2883
1402,2204,1333,1214
1653,2106,1350,1459
2136,428,1541,1611
2905,2178,969,1366
2920,2481,1087,3350
3174,2483,1131,1845
3360,2595,1188,2355
271,2168,1316,493
400,2541,1378,558
651,2382,1601,1322
1373,1967,1728,2134
1857,58,1880,2037
2055,2470,1884,1273
2315,2569,992,1409
2873,2195,1299,2635
2973,2079,1451,2781
3339,2596,1468,1160
322,2457,1910,1250
506,2269,922,1729
1207,107,929,2661
1475,1361,1081,1790
1538,1074,1225,1831
1611,1077,1387,1675
1970,1618,1441,3353
2391,1702,1564,1345
2653,1173,1785,1573
2904,1663,1818,3295
2992,1289,1904,407
3002,1352,938,271
3172,1029,996,2624
3195,1126,1116,2707
3267,1376,1137,2966
370,1835,1161,1817
431,1621,1232,1006
438,1483,1434,1460
713,925,1497,3412
1123,1522,1500,1184
1221,1013,1568,2052
1298,1534,1044,1515
1470,916,1055,3411
1614,1666,1167,3084
1796,1509,1453,1331
1891,1617,1503,3035
2101,921,994,1357
2232,1171,1039,2813
2862,1883,1064,2157
2969,1590,1106,3026
3120,1312,1164,913
3140,1334,1266,2337
3277,908,1310,1736
1110,1182,1319,1983
1502,1523,1381,2309
1528,1028,1667,2163
1703,1782,1821,1661
1844,1540,964,1272
1972,1327,977,163
2235,1485,1035,3705
2417,1863,1072,3104
2445,1369,1212,2351
2674,1513,1306,1283
2724,1909,1493,2877
2869,1911,1527,2060
2919,1846,1781,2694
3017,0,1822,3396
3019,1626,1900,1720
3284,1440,1908,3584
3406,1458,1103,639
25,1196,1321,2232
525,1836,1556,1639
705,1769,1592,1876
1515,1780,1648,1717
1523,1852,1670,2002
1540,1817,1672,2915
1644,951,1704,2734
2396,1165,1764,1871
2698,1697,958,2786
2911,1197,1139,435
2939,1888,1150,3335
3119,1800,1247,927
3145,322,1615,1894
3321,315,1815,1330
26,67,1058,1166
374,1730,1228,1864
698,56,1286,2881
982,304,1433,3232
1066,122,1633,1583
1135,213,1792,3087
1261,285,1062,367
1282,21,1063,978
1338,169,1484,3253
2287,7,1489,3680
2438,246,1531,1697
2603,308,1594,2571
3113,339,1629,1569
3179,1199,1747,1600
3182,1768,1805,1867
3342,87,1906,1488
544,1431,926,421
1028,103,972,3001
1040,324,1022,2677
1351,1589,1069,534
1495,156,1127,2084
1574,1584,1144,1256
1630,146,1240,1001
1782,125,1363,1799
1820,120,1418,3365
2689,1612,1439,3062
2706,1390,1091,2683
3302,1377,1213,1076
3684,1714,1241,3321
460,1833,1308,3345
641,1827,1356,3060
805,1804,1566,1158
897,1559,1575,1275
995,1078,1771,3442
1085,1613,1233,1966
1130,1746,1297,2530
1158,1399,1424,2890
1182,1707,1476,2992
1287,1551,1698,3672
1366,1211,1031,2215
1427,1554,1141,1437
1576,946,1174,2665
1765,1391,1325,3079
2171,1622,1411,2410
2304,1516,1486,3918
2781,1086,1501,1159
2880,1610,1646,2298
3027,1471,939,1191
3149,1813,940,557
3240,993,1033,2787
3247,1185,1152,3930
21,1839,1186,1570
252,1420,1478,3240
277,1367,1481,669
492,1059,1700,1107
507,1736,1784,3838
942,1879,914,1189
957,1793,965,252
1047,1603,1000,960
1056,1184,1007,3793
1148,1222,1676,1519
1715,1799,1756,3299
1973,1557,1829,2968
2116,1669,970,2056
2364,1017,1042,3403
2994,1146,1084,2999
3098,1331,1177,2729
3335,1076,1234,1902
3345,1717,1249,511
3433,1662,1869,459
3633,1329,1889,1662
514,1255,904,3245
524,1107,1005,1520
719,1902,1089,2679
1100,1604,1138,3278
1273,1124,1641,26
1320,1447,1739,2928
1426,1230,900,1337
1535,1842,907,3347
1877,1175,920,1371
1951,1269,987,1628
1994,1006,1090,2958
2940,1132,1748,3355
3064,1238,1749,2330
122,1791,1874,2478
567,1563,909,272
932,1570,943,1807
1052,1520,1043,947
1074,980,1045,2413
1340,1335,1244,2395
1487,1153,1251,1185
1811,1823,1364,1003
1894,1341,1401,2758
1995,1256,1499,3506
2536,1467,1602,1699
2729,1267,1696,1284
2763,1608,1802,239
2937,1757,1892,2322
2988,1750,974,2782
3108,1849,986,1066
3117,1488,1030,2235
3214,1117,1050,1117
3233,1689,1053,1793
3256,1683,1094,2191
3274,1491,1134,1750
3297,1668,1218,1502
3419,1735,1599,1614
119,1330,1887,729
378,1816,1905,1227
417,1547,950,2516
983,1250,955,464
1457,1149,956,2300
1709,1867,979,3387
2853,1079,1023,1993
3070,1214,1061,2610
3073,1456,1073,2894
3106,947,1342,1970
3136,1598,1368,1770
3239,1172,1463,1132
3332,1291,1562,2669
3353,1101,1708,1742
3366,967,1788,3404
3411,1191,1814,1393
391,1243,1840,1886
456,1675,912,3758
515,1665,928,3178
1021,1004,998,3145
1159,1305,1016,2950
1423,1761,1093,394
1680,1868,1111,2602
1772,966,1151,1101
2666,1643,1154,1879
2894,1048,1202,2151
2912,1597,1220,1765
2991,1752,1239,1243
3115,1721,1403,2131
3146,1600,1443,897
3169,1302,1896,1041
3184,978,1162,2345
3756,1620,1203,1823
3838,1125,1248,3593
422,1409,1414,2964
436,1637,1640,1516
1080,1530,1731,1010
1129,953,1775,2927
1237,1741,1865,2040
1284,1886,935,1122
1413,1619,937,1456
1571,1864,985,203
1691,348,1372,1416
1716,1688,1133,3089
2001,1826,1168,9
2465,1416,1254,2150
2796,1685,1263,2956
2936,1205,1301,2936
2985,1370,1498,2145
3293,1753,1521,1349
3299,1809,1664,2093
3378,376,1759,2550
239,1845,1838,2376
1505,1898,1890,1449
1724,1623,910,3113
2243,1712,1038,2069
2280,475,1057,1757
2780,1163,1147,3078
2946,1609,1157,1671
2974,952,1264,1332
3851,1128,1295,1479
3948,1819,1346,3054
3980,934,1354,433
503,1083,1417,2772
542,1272,1442,1347
824,1026,1579,1525
1019,1339,1607,2892
1020,1861,1657,3000
1036,997,1711,2544
1201,1810,1776,3267
1504,1605,1797,2785
1824,1156,945,824
2215,1449,1002,3049
2659,1003,1105,1563
2810,1789,1194,1940
2989,960,1200,2865
3263,1795,1383,3369
3521,1181,1474,2986
9,1323,1510,2943
200,1271,1651,1261
203,1198,1713,1153
402,1891,1762,1645
419,414,1856,1429
423,1632,899,3172
745,1639,1027,2210
747,999,1034,1259
1009,1539,1046,2913
1082,1290,1071,2604
1166,513,1208,1496
1275,373,1252,2668
1469,1160,1253,3362
1525,927,1353,1669
1754,526,1362,1269
1794,1242,1546,2361
1980,1288,1586,1603
2385,1659,1627,2960
2741,1580,1693,3351
2773,1388,1760,1561
2815,506,1065,694
3162,1380,1176,3417
3611,1344,1224,3611
315,1574,1262,2259
493,1024,1270,2185
823,1614,1276,2218
1099,1351,1326,2334
1435,483,1394,1609
1437,370,1395,3177
1645,1359,1430,1230
1655,438,1558,1868
1722,1480,1690,2833
1828,544,1755,2226
1876,1135,1854,2955
1923,431,911,1123
2284,500,918,1170
2538,1470,1096,3906
2640,525,1119,3118
2993,507,1145,1913
3142,1402,1206,941
3495,378,1386,2909
304,460,1466,541
408,897,1560,1495
432,402,1581,1504
830,1047,1834,1012
954,1049,860,1608
1257,436,3437,2428
1285,456,559,2921
1292,391,412,2996
1336,567,513,982
1432,1737,373,2582
1542,1280,561,200
1919,432,465,543
1927,520,553,40
1981,1765,374,3252
2018,1123,492,3222
2198,1287,524,688
2259,1796,391,1767
2285,1811,497,1436
2365,523,395,2107
2620,545,370,1290
3077,484,542,1882
3224,1209,400,2989
3877,906,419,2841
694,1375,461,3182
941,1075,525,329
975,995,423,3277
1054,604,604,1597
1112,430,591,3829
1219,1535,520,781
1396,1652,417,1311
1473,1219,392,2962
1862,1777,3290,1665
1998,434,645,555
2126,1653,3173,1719
2211,1528,460,1741
2293,1877,2838,2028
2547,1538,2885,2973
2645,451,3003,1335
2717,517,416,2211
2897,566,402,924
2945,982,2814,1246
3025,1437,456,3344
3220,1110,439,3115
3261,415,683,1923
3355,425,471,3361
3381,1644,360,2078
461,1772,387,1858
1369,1092,451,3586
1393,932,34,653
1587,1195,1967,1172
1881,1201,427,2914
2024,353,136,3188
2031,1130,500,1341
2680,1207,549,1067
2749,508,436,1344
2931,366,438,2507
3004,606,431,1644
3065,405,378,1231
3385,427,506,3287
3391,549,515,3033
3416,1393,544,64
697,1723,514,189
781,594,507,2434
930,1457,269,2690
1448,1056,408,1282
1454,1722,404,2605
1513,1293,430,3119
2006,1734,2543,2836
2345,1460,397,1816
2657,1040,432,1842
2753,412,669,2462
2875,651,614,3196
3029,559,444,2718
3085,1340,503,3137
3089,1754,482,2285
3111,1542,463,1339
3158,561,434,3275
3386,1237,479,592
3403,1571,556,1024
3577,553,473,579
404,465,2704,3224
1018,983,2740,954
1060,1180,527,1491
1102,1358,537,1083
1120,497,173,2293
1379,374,2111,1543
1725,1336,545,2429
1807,1724,388,2206
1882,395,2199,2806
2226,641,2081,1744
2311,400,2007,654
2610,1389,558,2920
2743,1774,512,170
3040,524,594,1685
3087,1851,2598,1689
3107,1320,2054,3205
3188,417,2283,2825
3206,514,2289,3617
3253,1398,523,332
3456,1217,2133,3296
520,492,2336,991
1092,1112,511,3319
1404,1687,2187,2910
1405,420,3101,2676
1616,1684,2032,724
1647,1692,2384,2871
1692,1536,1945,2196
1751,1365,480,1026
1872,1843,2117,1678
1935,1179,2292,1809
2004,1054,2068,2553
2022,423,2153,2240
2367,1549,2510,3568
2378,1374,455,3526
2387,515,2511,1242
2665,461,2102,2088
2806,542,452,2499
2896,1285,2268,1820
3021,1778,2869,3272
3047,1114,546,2404
3052,930,2629,2867
3327,1313,570,1428
3501,1070,2471,2777
3677,1740,3263,3124
3824,1210,634,584
98,1300,2072,2906
1068,1512,2224,3132
1122,591,2247,2540
1195,1545,2319,2706
1327,439,2649,1727
1482,408,2491,2810
1549,1338,2463,2757
1720,1446,2461,1851
1723,444,2038,1943
1734,1425,2071,2763
1841,1408,2223,2242
1863,556,2180,3346
1991,419,531,53
2137,915,2174,3191
2202,1109,609,1004
2258,601,676,1724
2390,1524,2250,3288
2447,360,504,481
2473,171,2617,2198
2609,387,2189,1576
2652,962,2127,1872
2720,1532,350,2925
2787,1136,2451,2603
3102,392,2203,3971
3137,404,2643,2172
3364,1405,2764,2711
3384,397,3258,906
3435,1337,2508,1619
3584,1226,1926,1616
3734,669,2138,2123
3793,1517,2042,1149
3800,959,2143,3146
3804,471,415,1960
188,482,425,1135
389,1068,2183,560
556,683,3100,1787
1041,452,2475,2937
1293,614,3020,2812
1303,1572,3278,1156
1496,1745,1932,1215
1569,1832,2279,3348
1732,1808,405,2916
2003,922,2436,1448
2061,570,2498,1975
2075,479,369,2103
2159,1858,442,188
2330,645,3385,2875
2518,1407,646,1125
2647,463,2327,2339
2648,1116,2883,280
2929,511,2267,2715
2950,1435,2302,3825
3168,473,3111,2391
3265,504,469,2828
3287,512,508,2095
3288,455,426,1236
3506,421,2264,1258
199,1265,3245,368
285,676,3265,2866
397,546,2589,2849
444,1321,457,3419
724,558,516,1051
981,426,421,618
1113,531,518,2751
1217,1164,2968,2800
1229,416,357,1636
1259,510,510,2369
1485,543,554,2551
1770,369,667,3204
1914,634,2398,614
2765,569,2653,1721
2874,442,2039,2331
3204,350,449,2755
3258,469,435,3298
3448,1278,459,3395
3488,363,3222,2826
3593,1805,569,1596
3672,1821,3248,2273
3930,637,2458,680
3966,1674,2533,3056
3971,528,2979,1668
170,1439,528,1650
527,518,1955,1752
545,407,2547,2919
591,516,407,1129
596,477,2254,1037
902,541,2693,3966
959,357,3186,3261
1051,457,3289,2590
1389,1519,2128,1810
1460,34,2822,3378
1832,554,3361,2129
1859,449,543,3025
2222,534,2135,942
2322,3290,2707,2184
2449,433,610,973
2459,1553,541,1304
2479,1487,477,2575
2583,459,433,1019
2758,435,534,1453
3072,609,485,1020
3114,480,2529,1843
3295,1283,2472,539
3365,485,2417,2317
3968,269,2445,1079
272,667,2826,3420
688,2885,198,1412
827,3003,590,1789
924,2838,2677,3764
1155,1561,2839,3341
1179,3173,2502,3968
1180,2814,3363,2662
1702,580,3019,3409
2009,538,2754,2564
2361,1161,3291,957
2576,926,2742,2607
2681,1900,3082,199
2756,1039,3397,1673
2881,1556,3320,3332
3298,1084,3426,1497
3412,1484,472,1735
3442,973,3090,3052
3449,1419,2966,3279
3790,968,3280,620
40,1656,3434,1548
186,1844,2944,2664
853,1069,3232,2775
913,1063,2863,2873
1279,1881,2877,1819
1315,277,3116,1785
1398,920,2786,3184
1565,1771,2951,3529
1812,913,3168,1223
2027,1700,3201,449
2239,1155,3051,825
2712,972,2719,2397
2785,1091,2986,1722
2835,917,2661,1482
2955,1427,2724,1571
2970,252,2793,291
3118,1012,3078,2720
3272,1473,3406,3558
3586,1001,2782,2340
3758,1505,2669,3114
3906,1150,3387,1370
142,991,2956,2739
280,1411,3026,3226
332,1806,2716,2784
360,1630,2778,3690
439,1501,2679,1470
463,1122,2694,2938
504,1885,3330,1021
523,896,2906,2537
703,1277,2927,3219
834,1080,2960,1984
1108,1645,3233,3046
1215,1807,2915,3800
1236,1616,3000,3081
1309,1882,3154,3255
1545,1594,3366,2741
1572,1818,3035,827
1687,1779,2730,3455
1960,1235,2755,2236
2092,1783,3150,1444
2110,271,3417,1860
2145,1497,2890,2412
2502,26,3033,1547
3005,1866,3038,1779
3014,1537,2916,2438
3034,1192,3324,1423
3369,1710,2928,2244
3680,1642,3076,1205
3797,1104,3162,3945
3926,1204,3198,1303
452,1897,3252,1910
984,203,2750,3448
1258,9,3152,829
1332,1401,3132,1060
1349,1673,3348,3869
1365,1865,3351,2674
1374,1343,2664,359
1529,1459,2676,2073
1699,1014,2738,1712
1706,936,2757,1291
1831,1450,2777,2188
1851,1521,2910,3902
2057,1786,3054,2932
2225,1874,3104,1359
2871,1678,2800,3211
2958,1860,2833,3842
3011,1758,2943,966
3257,1220,3350,1280
3576,527,2849,2049
3640,389,2867,2750
3902,25,3022,1209
172,503,3179,2832
592,200,3185,2783
695,239,2925,2338
988,1349,3226,3259
1281,1565,2683,728
1318,1434,2828,3010
1382,1527,2866,1106
1524,1569,3056,3195
1582,1345,3060,3464
1873,1583,3386,172
1909,119,2901,3824
2147,1794,2909,1507
2155,1032,2872,1682
2192,1767,3049,1095
2221,1525,3084,2864
2415,1591,3096,1531
2627,1025,3344,3303
2633,1357,3347,125
2770,1573,3396,2433
2914,1318,2748,934
2976,1140,2827,2464
3097,1113,2864,3782
3177,1472,2913,2156
3207,1585,3295,932
3238,1514,3362,1850
3296,1744,2905,2600
3514,1463,2920,2414
3842,142,3174,355
3924,998,3360,1229
113,1098,3412,3313
496,1893,2873,2796
531,188,2973,186
537,1322,3339,1849
784,961,2904,1754
968,1052,2992,2822
1210,1871,3002,2173
1245,1366,3011,1605
1324,1317,3172,1857
1673,1894,3195,236
1766,1258,3267,2064
1774,1475,2862,1462
1843,161,2969,3187
1903,1661,2976,2728
1921,1479,3120,820
2011,1058,3140,3022
2242,1703,3277,2387
2585,1658,2674,677
2887,1677,2919,3468
2921,332,3005,1898
2924,1227,3017,3511
2932,1729,3284,1113
3191,1021,2698,313
3196,1899,2911,1267
3301,1742,2939,644
3422,1444,3119,3073
3731,1462,3145,2994
213,493,3321,2420
323,323,3113,323
325,1159,3182,2506
355,1628,3342,2675
392,1611,2689,3734
579,1298,2706,3203
630,109,3302,2231
815,1766,2781,1054
856,1636,2880,784
1001,1332,3027,2646
1190,1373,3149,1538
1532,1273,3240,3415
1595,1441,3247,202
1911,1825,2994,1917
1931,1699,3079,2085
1942,1067,3098,3737
1957,1274,3136,3221
1976,1544,3331,3553
2157,1596,3335,2827
2488,1698,3345,1716
2494,1231,3433,997
2865,98,2940,2161
2996,1680,3001,3120
3079,1715,3064,1056
3219,1347,3304,2409
3316,1543,3355,2601
3605,1694,2729,3821
3737,1515,2763,3018
3962,1679,2937,1706
169,1518,2988,1183
261,1221,3108,2939
388,170,3117,2335
430,1404,3214,3738
555,1020,3256,2348
728,1423,3274,589
752,907,3297,1824
820,1282,3419,82
898,1033,2853,2396
948,1511,3070,1885
1109,1066,3073,2154
1114,1857,3106,2795
1189,1158,3239,1946
1260,1606,3332,1938
1304,596,3353,564
1429,990,3411,1302
1548,1261,2666,3106
1550,948,2894,1068
1634,1148,2912,1962
1682,1495,2991,2200
1733,1726,3115,2988
1778,1709,3146,3207
1787,1055,3169,3629
1790,1502,3184,2220
1837,1641,2796,2488
1846,1095,2936,2518
2097,1820,2985,2411
2129,40,3293,1011
2297,496,3299,2063
2636,1646,3378,1826
2660,1183,2780,1686
2675,1453,2946,770
2728,1060,2974,2304
2823,1790,2810,2872
3036,1239,2892,2030
3166,1763,2989,1120
3395,1445,3062,1875
3455,272,3097,1415
3558,942,2741,2367
3674,957,2773,3431
3692,1142,2815,1047
3702,1166,3034,1018
3705,1294,2775,815
3873,1576,2964,261
109,1436,2993,2581
236,1284,3142,994
313,1426,3077,1774
455,1529,3224,2713
479,1421,2717,2271
557,1496,2897,3057
774,1360,2945,2615
800,1051,3025,2745
819,1828,3220,2759
842,1100,3261,351
936,1878,3381,849
944,236,2680,2561
1037,1085,2749,1971
1343,1824,2931,2029
1348,1716,3004,753
1355,1245,3065,3339
1360,1564,3391,23
1371,1275,3416,2425
1392,1555,2734,616
1407,1691,2753,1348
1507,1595,2813,3804
1553,1876,2875,1514
1626,954,3029,2844
1740,1413,3085,1384
1744,186,3089,2058
1895,1448,3158,2931
2049,1469,3164,1064
2107,1129,3403,1979
2236,1567,2743,2222
2318,1099,3040,2520
2416,976,3087,2443
2639,1035,3107,3086
2662,537,3188,2341
2672,1719,3206,98
2718,1036,3253,3900
3020,1325,2665,1565
3046,1223,2806,2118
3086,1504,2896,2905
3399,1019,3021,2768
3625,1429,3047,3449
3629,280,3052,3927
3829,1422,3205,3722
3860,1671,3327,2969
118,1396,2347,1623
291,1018,2720,2392
387,1009,2787,3926
394,1400,3102,1837
726,1151,3137,1660
773,1082,3364,3810
1010,1720,3384,3576
1015,1454,3435,547
1097,1593,2929,1986
1115,1482,2950,3625
1170,1303,2962,1392
1216,1727,3287,3422
1278,1292,3288,312
1337,1770,2765,3790
1446,975,2874,2201
1517,1307,3204,1009
1578,1102,3404,1324
1666,1257,2758,1677
1677,1432,3072,1245
1767,1655,3114,2326
1848,1202,3365,2342
1897,1587,2681,2862
1975,1385,2756,1818
1987,1775,2881,2228
2209,1695,3165,1632
2231,1477,3298,1743
2317,1862,2712,3016
2346,1751,2785,2473
2366,1259,2835,3098
2371,1379,2955,1580
2379,924,2970,3394
2406,941,3118,2840
2425,1384,3272,3508
2476,1120,3014,2315
2529,1732,3369,2091
2658,1660,2725,2121
2854,1187,2871,3149
3213,1647,2958,3148
3228,1812,3257,2854
3303,1872,3409,3794
3331,1266,2770,853
3525,291,2914,1859
3528,1562,3177,2371
570,1615,3207,2689
604,1625,3238,2848
766,1841,3296,961
915,1397,2678,3605
989,1041,2887,3036
1118,1178,2921,3612
1226,1870,2924,1715
1246,1108,2932,3096
1514,1309,2999,1163
1533,1451,3057,1296
1555,1088,3191,3215
1624,984,3196,695
1649,313,3301,1288
1686,388,3422,2753
1878,1725,2865,1271
1968,981,2996,2323
2274,1461,3178,3293
2337,1859,3219,3328
2397,1498,3316,2623
2519,994,2675,2275
2525,902,2728,548
2637,1831,2760,3924
2751,1706,2823,1667
3001,1433,3036,109
3023,1588,3166,1781
3129,1324,3395,1533
3135,1281,2662,494
3212,128,2672,1130
3304,1229,2718,3433
3346,1907,3046,1585
3400,1382,3086,3174
3529,1037,3399,2059
3568,1371,3420,2803
3794,1582,2752,118
3810,1062,2854,487
3951,224,3213,2536
82,1031,3228,1350
342,334,3303,398
368,905,3319,1732
409,199,2751,2318
420,1279,2825,1247
482,1315,3023,1634
669,1508,3129,3496
780,185,3135,2625
829,1873,3212,2880
901,1144,3346,2092
903,1392,3400,2448
971,394,2668,2558
1183,1682,2708,1925
1313,1492,2772,2381
1408,1190,2953,346
1425,988,3187,1643
1438,1773,3250,2329
1452,1215,2745,2500
1512,113,2783,2090
1635,1189,2840,396
1638,1236,2850,3158
1656,1133,2977,2449
1694,1801,3123,1298
1798,1848,3234,1062
1958,1903,2715,2043
1999,1526,2907,2819
2029,1350,3010,948
2091,1170,3255,3460
2296,1355,3313,739
2335,944,2690,963
2440,1638,2711,2853
2626,1464,2713,1426
2668,900,2739,409
2708,1246,2836,1891
2772,1260,2841,1919
2953,1738,3203,2482
3100,1686,3259,2868
3187,1507,3264,3542
3250,1550,3341,1407
3540,303,3377,2406
3884,1575,3394,48
3900,31,2832,2743
3945,1901,2938,3628
398,1348,3018,1994
434,1624,3124,2112
487,1578,3148,3075
654,1247,3160,113
683,1634,3410,3488
963,1346,2673,2896
1136,1188,2731,1753
1142,950,2843,2214
1333,1011,2844,3931
1350,1015,3016,1535
1458,898,3275,1980
1508,1364,3415,142
1519,104,2684,1388
1534,1115,2761,2492
1541,1856,2768,3779
1543,1822,2784,2666
1567,989,2829,1795
2000,1418,3080,2243
2067,1010,3225,2702
2448,1910,3231,3731
2745,342,3237,3410
2783,1908,3260,1530
2840,345,2705,3466
2850,1212,2797,2698
2977,1406,2846,2940
3123,1651,2908,1207
3234,1387,2987,19
3518,1670,3041,462
3542,1438,3176,372
3553,1649,3193,1544
3599,1635,3243,2350
3617,919,3285,2460
3687,1743,2663,2465
3722,1225,2701,3873
3841,1152,2845,3176
104,1304,3221,2521
367,1884,3273,1652
473,1541,2812,446
547,1417,2978,1413
548,1316,3081,3231
573,1296,3170,2630
614,297,3211,3947
810,971,3215,2593
908,1875,3279,1318
969,1143,3379,31
1011,1297,3390,2033
1012,1701,2686,1454
1131,969,2702,3505
1188,1428,2733,2221
1283,1787,2795,1131
1316,1728,2819,999
1378,1830,2984,2104
1444,1792,3007,2440
1593,1310,3013,2366
1601,1081,3209,2354
1671,1850,3262,3212
1727,1531,3337,1595
1728,1311,2941,3225
1763,1548,2981,2139
1806,1053,3075,535
1880,1500,3163,2430
1884,1167,3223,2993
2228,1299,3286,1404
2393,1904,3294,2712
2411,914,3431,2586
2715,1262,2759,158
2907,1381,2803,3070
3010,1008,2807,361
3062,1486,2830,3956
3255,1847,2851,1624
3313,1131,2870,3803
3475,933,2891,1647
3651,1713,2967,1982
3782,1044,3032,3640
3826,1803,3039,1918
3833,1785,3199,2749
3858,1705,3306,2735
3869,1203,2687,2290
3947,1733,2737,2296
13,1711,2762,41
53,1415,2848,458
471,1837,2868,2945
696,1306,2948,2045
992,963,3139,2644
1265,1045,3236,1161
1299,949,3328,3514
1300,1781,3380,1278
1307,422,3430,2573
1357,1503,3432,3891
1406,1633,2667,2773
1451,1895,2744,2140
1468,923,2859,617
1606,325,2918,3555
1866,1681,2934,3080
1910,1216,2949,3559
2021,1030,3042,3475
2163,1494,3103,3836
2412,1121,3276,88
2540,1412,3318,1268
2557,1533,3356,3400
2613,1764,3421,4030
2690,1301,2670,1035
2711,1097,2696,2474
2713,964,2735,3129
2739,1566,2779,4023
2836,1106,2789,1323
2841,903,2794,2124
3203,1118,2809,842
3248,1064,2889,964
3259,1815,3009,2257
3264,1592,3138,3276
3341,1139,3171,2911
3377,487,3189,2870
3394,909,3241,2631
3464,1452,3307,2619
3557,1906,3325,944
3918,901,3329,3702
211,1798,3393,3719
329,1286,2703,1040
511,1043,2831,2207
546,1650,2856,2667
560,1490,2903,2295
609,1333,2917,3223
718,1905,2971,528
754,1228,3109,3297
760,1241,3300,1492
849,1157,3309,3239
922,1072,3359,3826
1081,992,3414,3747
1225,977,2726,2423
1415,1314,2858,1862
1436,1601,2947,2363
1511,1378,2959,1566
1695,1788,2965,320
1785,1880,2972,2546
1818,1704,2983,3534
1904,1631,3043,666
1907,955,3110,2288
2025,1368,3167,2280
2035,1672,3194,3831
2085,1410,3312,3469
2173,1797,3373,1181
2355,1468,3382,766
2544,1111,3383,2818
2571,66,3392,325
2832,1667,2682,1406
2999,1383,2697,3257
3018,1489,2818,3870
3124,1007,2879,2352
3148,938,2923,1314
3160,1853,3008,1092
3486,1232,3050,1100
3526,1328,3068,3220
3721,940,3069,1659
3738,1568,3093,2949
3822,118,3144,2570
3921,629,3192,2253
512,1696,3283,3041
645,1137,3314,2978
708,1254,3326,1281
739,1829,3340,3171
787,1395,3374,3007
919,1319,3423,1658
938,1424,2700,1380
990,1442,2746,2700
1025,1174,2820,2146
1116,965,2888,1811
1137,1599,2982,334
1232,1493,2995,1772
1428,1356,3048,1309
1497,1169,3058,2147
1500,1629,3095,2152
1568,223,3157,2874
1825,1213,3208,933
1850,1073,3242,834
1858,1042,3357,2504
1944,1648,3371,3381
2234,1478,3402,2680
2272,488,2771,3329
2303,939,2837,2299
2530,1023,2876,3247
2673,1342,2933,2190
2731,1676,2957,2807
2843,958,2997,3284
2844,1869,3024,773
2892,1506,3061,3393
3016,970,3066,718
3275,1602,3151,2672
3415,1127,3210,2276
3468,1481,3229,1921
3693,1308,3244,2762
3711,1263,3246,3206
3750,1814,3249,3693
3764,1747,3315,2655
3886,1268,3343,2618
128,211,2699,2696
141,1363,2710,2991
224,1251,2727,687
334,232,2747,1594
488,1756,2766,1432
653,1141,2821,734
687,1234,2954,3610
764,1249,2990,1988
1044,931,3067,3950
1167,5,3130,1385
1440,1022,3156,2923
1453,1731,3352,1691
1503,158,3405,2287
1642,1654,2685,3307
1875,1162,2709,2446
1885,1784,2723,1375
2342,1061,2769,2984
2350,1186,2791,2725
2389,912,2847,3590
2432,1739,2935,3377
2612,1094,3028,2165
2628,943,3105,1265
2684,1455,3112,1477
2761,1887,3155,3085
2768,1005,3190,782
2784,1000,3254,1099
2829,1038,3281,2934
3080,1708,3292,2752
3225,986,3349,1102
3231,1177,2688,1402
3237,1089,2695,1424
3260,1244,2816,2120
3460,1748,2852,1901
3469,1050,2861,1539
3728,1889,2878,2663
3730,1193,2900,1812
3828,1552,2961,3443
223,1276,3012,2160
265,1749,3063,2401
339,1090,3092,342
346,935,3141,922
396,1138,3153,3791
445,1093,3200,3160
481,172,3202,3273
680,649,3311,3951
770,1248,3358,936
840,1892,3367,1212
847,1802,2801,3213
962,974,2802,2924
994,1855,2882,3260
1039,1414,2886,1451
1064,1134,2926,2365
1106,409,2942,2856
1164,1200,3015,3373
1310,557,3053,2379
1319,1499,3083,848
1381,1087,3088,2083
1667,1218,3099,2858
1679,1154,3128,1575
1705,1840,3133,2887
1758,1443,3388,1121
1821,1103,3418,2974
2156,928,3425,1169
2214,13,2790,3301
2435,979,2804,1670
2480,261,2834,2356
2644,1896,2895,2845
2705,956,3122,1830
2775,1147,3218,2559
2797,368,3251,1679
2813,1579,3269,242
2846,1762,3308,1294
2908,1640,3334,3004
2987,1403,3338,2686
3041,1016,3354,2557
3176,1510,3368,2929
3193,1657,3427,3064
3243,910,2732,489
3285,1776,2799,1219
3559,1476,2805,3435
3590,1372,2893,1908
3609,987,2898,115
3635,1240,2930,1008
3718,937,3030,2497
3740,985,3045,175
3825,929,3126,2622
62,1890,3131,1766
185,1664,3180,1878
312,1760,3181,1751
324,1168,3197,727
354,1838,3235,3234
359,904,3266,2637
369,1034,3322,726
415,1690,3376,1127
458,1759,3398,635
510,1057,3401,3416
619,996,3428,2416
678,1354,2811,2912
727,1264,2902,2005
731,141,3094,2578
797,1295,3159,1646
814,1607,3216,3573
964,945,3317,2374
977,1194,3323,3907
1035,1474,3333,1396
1072,1362,3336,249
1165,1002,3372,905
1196,1105,3389,1177
1212,1353,3424,1464
1306,899,3436,3768
1314,1253,2671,780
1464,1071,2721,818
1493,1252,2767,3841
1494,1546,2774,1142
1738,1693,2776,787
1743,1627,2824,1500
1781,1027,2884,1681
1847,1558,2899,2638
1900,1208,3044,1672
2065,1586,3055,2035
2341,1046,3074,2272
2474,1176,3091,3599
2566,1755,3127,3833
2663,1233,3161,3144
2701,1326,3175,3029
2734,1430,3217,3933
2845,62,3270,3306
3221,1270,3370,1527
3273,1854,2692,1936
3319,1065,2736,3884
3440,1394,2817,3340
3466,1224,2980,1796
3569,398,3059,1904
3690,1834,3147,1895
3710,1145,3227,3438
3713,1096,3271,3921
3714,1386,3305,2495
3821,1119,3310,2386
3835,1466,3429,573
3867,1581,2855,1578
3870,1560,2963,2480
3907,1206,3121,3264
158,918,3143,3909
161,911,2691,3499
232,22,2714,3383
297,495,2722,2023
421,248,2792,104
451,329,2798,3326
519,548,2808,3662
583,560,2860,3237
601,134,2922,797
617,340,2952,2260
636,55,2975,1526
644,355,2998,224
738,212,3037,2010
933,458,3375,2645
1274,30,3413,3169
1296,257,2788,1321
1321,75,2857,3615
1556,555,3006,3711
1561,53,3125,3822
1592,367,3134,2756
1625,82,3268,1942
1648,418,3282,2620
1672,565,3407,1240
1674,276,3408,3645
1681,123,2842,1418
1704,445,3031,1737
1764,231,3071,1441
1769,290,3183,2815
1803,341,3230,2074
1836,88,1941,2057
2023,45,862,2737
2044,446,2328,2897
2362,10,2047,231
2427,168,2266,833
2497,249,2333,619
2764,121,2087,2370
2812,265,2282,62
2978,60,2555,1564
3081,221,2509,1445
3170,72,2149,3138
3178,38,2468,1306
3211,536,2642,1195
3215,3263,2542,1738
3279,494,1920,3337
3379,521,2125,3142
3390,347,2294,185
3471,3278,2344,3065
3480,413,1947,1889
3505,235,2241,3714
3636,238,2176,2020
3706,352,2196,2022
3753,2883,2169,3642
3831,133,1948,2216
3943,331,2028,3546
3969,3245,2512,2648
41,148,2419,2549
72,3,2052,1
242,3222,2132,2075
249,105,2582,1927
308,132,2616,3166
489,547,2148,2556
578,274,2246,3316
600,85,2394,1655
615,130,1940,3364
618,65,1954,2889
627,519,2588,3294
643,1,2592,425
658,178,119,2308
659,69,1959,679
661,242,2151,204
662,165,2368,1734
817,362,2010,1935
862,80,2567,2202
958,344,2053,3208
976,440,1916,1541
1095,646,2343,2061
1121,281,2144,1649
1139,375,2351,3242
1171,284,2194,3535
1247,196,2338,2108
1311,251,2372,2843
1419,260,2597,3009
1421,129,2332,2405
1615,450,2608,3236
1618,207,2198,2531
1660,354,2399,2576
1815,359,2026,141
1988,59,2191,3380
2141,462,2516,3384
2146,79,3830,975
2160,176,2377,2006
2286,481,2594,977
2383,173,2134,3601
2581,396,2239,636
2686,39,2273,1260
2702,48,2325,2859
2733,258,2420,3823
2795,490,2002,3157
2819,361,2315,3043
2984,298,150,2760
3007,318,217,1929
3013,502,64,1355
3209,204,189,1542
3262,50,2062,1877
3337,84,2101,3193
3438,295,2031,3164
3463,222,2385,3285
3497,208,1994,1422
3508,150,2285,3554
3578,159,2293,2681
3643,94,2003,574
3707,489,2330,1292
3891,372,2465,2115
3927,338,2215,2408
3956,535,3684,3042
31,57,2501,811
80,2764,3633,3648
238,184,2155,2485
352,217,2137,3343
361,302,2609,1641
418,403,3756,3881
494,197,3948,771
495,385,3495,2744
599,63,3851,3199
640,127,3877,1653
670,96,3456,1257
675,108,3577,130
681,539,3501,3374
734,250,3677,1508
792,106,2519,1225
845,288,3797,752
949,587,2163,1638
1098,3101,2355,1082
1228,491,2544,754
1286,2869,2185,1552
1433,117,2389,1587
1450,126,3962,569
1588,317,3674,418
1633,27,3692,984
1773,164,3525,817
1801,2822,2295,3110
1870,3100,3540,2614
1928,410,3651,2393
2050,2968,3721,3108
2089,152,1913,128
2120,551,2298,2965
2295,3361,2413,3391
2310,3258,2605,983
2443,301,3609,3828
2531,3020,3750,2851
2618,3385,3886,2789
2981,247,3440,265
3075,2693,3943,3139
3163,2979,3550,3471
3186,3265,2530,3014
3223,3248,3741,2957
3286,3111,2065,2525
3294,3289,3872,2099
3420,424,3592,1582
3431,198,3561,3379
3491,610,2496,161
3527,474,3556,148
3534,590,496,1143
3628,2826,422,2086
3642,2677,364,3847
3667,3186,464,1397
3719,478,564,1036
3768,540,399,1190
48,2707,441,3528
94,486,501,3023
171,365,393,3390
204,390,476,764
450,314,351,720
469,509,56,3486
536,268,67,3860
539,29,322,2484
577,346,21,2237
597,320,122,3547
632,381,315,2489
635,505,304,959
650,100,493,3470
677,64,285,474
838,189,394,2122
1062,180,213,3463
1063,630,169,1228
1223,16,339,1198
1294,92,324,2995
1400,620,308,2432
1412,194,7,3421
1484,299,103,3067
1489,671,246,952
1526,311,87,1398
1531,101,156,2286
1629,54,494,3123
1747,266,146,1434
1779,73,120,2539
1805,586,125,2612
1852,330,367,1841
1906,470,639,211
1936,254,560,822
2197,229,487,2277
2207,187,557,2159
2208,175,446,676
2496,24,385,2197
2558,652,671,2831
2759,673,368,3799
2803,312,535,1987
2807,77,678,2566
2830,41,409,3103
2851,83,398,2823
2870,51,630,3998
2891,237,555,2476
2967,270,584,5
3032,115,375,2809
3039,283,481,1501
3199,382,587,1138
3306,568,548,2835
3443,81,620,3459
3509,380,547,2426
3511,326,352,3430
3573,36,488,445
3634,163,396,1965
3656,343,536,3564
3670,135,359,1091
3747,309,489,2654
3836,116,355,1112
3852,139,462,3740
3909,214,565,3964
3915,23,593,2765
3931,137,440,94
3933,19,458,1299
92,14,652,1695
115,144,653,3706
231,20,673,696
248,294,474,2067
303,227,586,2048
320,226,519,248
350,149,679,137
416,111,656,1805
543,336,450,1007
582,17,539,1763
589,28,644,663
625,310,361,610
701,99,521,2985
848,300,680,768
926,143,654,2209
972,76,410,3809
1069,140,418,2626
1127,124,540,3135
1144,307,618,1167
1317,177,698,795
1363,4,490,3480
1410,181,491,331
1418,275,502,2657
1439,234,574,1180
1650,529,403,736
1726,2,666,2307
2036,225,354,1150
2096,278,413,3760
2288,206,390,2628
2401,68,592,3069
2570,337,579,132
2622,230,663,949
2687,306,655,2656
2737,218,372,2519
2762,328,424,1704
2848,195,551,3728
2868,273,486,3915
2948,78,445,1351
3139,202,495,1241
3236,153,509,3780
3380,162,505,2847
3430,333,619,1997
3499,243,381,1944
3554,93,617,1903
3601,191,636,2212
3648,319,380,3643
3697,89,362,971
3761,91,677,2453
3786,259,589,2357
3791,8,597,1387
3803,151,616,1201
3896,296,685,3858
7,263,682,597
88,131,635,2697
148,167,631,2359
180,316,365,1356
299,44,478,3095
302,349,382,2181
331,86,498,2523
403,102,573,2791
457,32,657,738
474,666,529,519
516,147,470,1633
558,6,533,354
565,95,583,2708
620,219,578,3050
684,166,600,814
711,46,615,3786
758,228,627,1340
793,190,643,3635
803,245,658,214
807,192,659,413
835,264,661,2673
951,110,662,792
1091,193,568,3105
1187,220,599,2297
1213,262,640,2684
1241,289,670,2727
1308,183,675,3949
1328,240,681,2820
1356,201,522,1457
1566,174,577,1188
1575,327,632,3667
1585,49,650,939
1771,160,429,72
1780,321,437,440
1965,61,532,3474
1990,293,582,2467
2260,112,625,133
2405,155,371,3024
2577,71,466,2941
2635,157,684,806
2667,97,349,3852
2825,253,595,3048
2859,182,647,3532
2918,179,603,3405
2934,47,605,2164
2938,305,665,919
2949,286,623,3300
3042,267,664,2055
3103,138,453,2587
3276,279,562,1733
3318,35,598,2577
3356,472,611,13
3421,70,384,1108
3458,216,406,931
3462,154,467,1266
3500,52,530,1615
3510,205,552,3292
3538,255,572,3538
3555,241,612,3359
3615,145,633,1870
3618,90,356,1696
3845,244,383,3621
3850,282,386,900
59,233,411,3432
101,256,448,3867
134,33,454,3602
194,42,499,3238
326,522,571,3895
362,209,576,3228
425,335,588,3967
462,12,626,1990
518,292,377,2830
595,37,379,3
616,18,401,1213
647,114,443,410
748,287,468,2109
755,215,622,2114
991,15,358,2261
1161,43,447,257
1169,74,550,1072
1424,11,575,1968
1537,210,628,450
1658,533,672,793
1698,593,621,907
1719,644,660,2997
1745,654,581,1635
1913,371,642,2455
1982,680,648,3286
2019,429,585,3510
2249,466,602,2829
2314,639,607,1452
2400,571,608,2709
2572,678,613,3759
2587,653,624,3707
2641,498,638,2761
2670,448,668,1000
2696,635,674,1285
2735,464,80,1308
2779,579,166,1900
2789,592,163,3549
2794,574,202,2797
2809,584,1939,1832
2889,617,1972,2534
2962,437,2171,1503
3009,562,1973,3982
3138,636,2116,3254
3171,619,2364,3170
3189,3019,1951,227
3241,656,1995,2110
3278,406,2001,3021
3289,589,2284,3483
3307,383,2538,2552
3325,597,2640,845
3329,573,2018,2574
3393,384,1998,3563
3485,552,2024,2192
3493,605,2004,777
3496,3168,2378,1829
3535,3406,1991,3484
3550,3201,2447,1907
3591,664,2647,3679
3608,612,2459,2981
3612,603,2583,57
3623,623,2009,1411
3627,598,2027,299
3725,2724,2225,1914
3743,618,1976,3189
3752,647,2157,111
3759,626,2494,303
3776,3164,2636,230
3779,3320,2660,2082
3785,3179,2337,238
3862,3335,2571,2954
3866,3366,2635,3490
4030,679,1985,2469
123,3233,2233,976
133,2742,2142,2731
184,3397,2206,1202
212,3082,2229,3718
257,3011,2410,763
266,2901,2611,989
276,3057,2218,2688
343,677,2078,2563
357,2719,1993,1981
426,3162,2123,839
446,3291,2464,2983
554,2839,2240,532
603,663,2507,1952
605,3116,2560,3539
665,3295,2244,3524
666,3280,1983,3536
676,3434,2309,920
706,616,2088,4014
720,2778,2131,3752
772,530,2340,362
777,2894,2602,1287
779,655,2324,3497
783,532,2369,1989
795,2863,2590,1931
809,3363,2604,3866
973,3381,2073,3040
1141,3051,2220,2846
1174,685,2607,2193
1325,2661,2188,2726
1501,3412,2059,1139
1646,364,2172,1728
1678,2976,1943,748
1883,564,2150,1747
2016,2946,1946,3518
2082,3117,2428,3357
2152,501,2526,3896
2170,441,1917,1749
2186,399,2201,3855
2248,3150,2331,3165
2349,3001,2601,3491
2426,3331,1938,1606
2486,2813,2090,2179
2534,393,2118,3249
2650,2951,2564,29
2693,476,2624,2077
2703,2754,1962,84
2831,351,2030,1053
2856,3350,2586,682
2917,2678,2064,3402
2964,3005,2184,2562
2979,3252,2625,3624
3109,453,2275,3210
3173,682,2593,178
3300,2716,2615,437
3309,3185,2103,1045
3328,2793,2290,3566
3359,3035,2323,30
3404,572,2414,835
3414,467,2339,3312
3450,356,2600,2234
3474,631,2104,3500
3498,3205,2500,3753
3645,3304,2271,3318
3698,2833,2326,3392
3741,2718,2376,2098
3774,411,2395,3151
3868,499,1984,1055
3881,3330,2139,2238
3903,625,2409,3557
3913,454,2492,1723
3957,386,2093,3061
3972,2775,2354,871
4023,3152,1971,3032
1,377,1979,1855
3,379,2045,2948
23,3076,2381,2011
30,468,2043,2346
55,443,2278,232
116,3426,2033,1216
175,401,2037,3775
214,2964,2200,3325
254,3132,2553,3670
372,684,2630,1953
375,3351,1966,742
413,550,2356,2907
424,447,2140,3093
551,358,2404,2733
623,2892,2124,847
664,2966,2460,1315
685,2849,2069,3687
709,3034,2190,712
741,633,2352,2967
905,3232,2374,2249
939,2999,2655,3167
940,583,2363,1097
1033,2877,2638,403
1152,2944,2423,1400
1186,657,2520,3482
1478,3060,2559,3047
1481,2828,2108,184
1700,658,2578,2641
1784,659,2619,2477
1860,578,2074,755
1952,627,2550,426
2048,3386,1918,1698
2076,662,2446,850
2181,615,2549,760
2185,3038,2112,1957
2291,643,2154,2627
2298,600,2482,1382
2403,661,2020,940
2413,3078,2121,3028
2523,611,2370,2486
2605,670,2551,2390
2614,640,2253,1073
2726,599,2308,3485
2858,675,2005,701
2947,681,2257,3850
2959,3145,2299,3399
2965,3049,2561,1379
2972,2986,2095,1562
2983,577,2276,2316
3043,632,1986,343
3057,650,2408,1484
3110,3090,2040,310
3167,2786,2573,3533
3194,588,271,3763
3312,3396,1929,2427
3373,3355,2348,926
3382,582,2504,3512
3383,3198,2654,3626
3392,2669,25,799
3473,2782,2083,3710
3478,3347,2359,3969
3517,575,2433,647
3519,3302,26,1963
3563,3154,2122,3583
3564,3387,2430,1481
3571,595,2495,116
3587,2730,2546,2882
3602,2956,252,143
3646,3136,277,159
3662,2694,2063,3013
3683,3437,2084,3697
3757,665,2307,2076
3760,2906,2521,1103
3762,622,2575,3066
3837,3002,2212,3244
3960,3267,2539,1815
19,3277,2334,1325
24,672,2386,2717
103,2962,239,2036
127,2939,2485,2291
130,3026,2086,914
132,2674,2115,903
137,2941,9,3784
187,2927,200,2213
197,2960,203,2953
281,3404,1997,1676
284,3097,2109,1058
330,3182,2469,2119
345,2679,2646,1023
470,2781,2216,223
486,2760,2556,2987
508,2755,2467,2415
598,3297,2623,2918
611,3172,2261,981
634,3000,2165,898
737,3017,98,3776
778,3165,188,1599
804,3344,2077,2418
818,576,2484,3309
914,3033,199,3246
965,3169,1925,2217
1000,2916,170,3903
1007,3360,2237,3155
1397,2992,2329,732
1441,2915,2506,1801
1564,2748,272,789
1594,3417,1953,3937
1676,628,2046,1030
1756,2750,40,3730
1829,3113,186,2639
1830,2973,2300,1033
2099,3120,142,1433
2277,2910,280,1739
2305,2928,332,3698
2312,3348,172,3109
2320,2890,113,2353
2444,2991,323,3944
2454,3419,325,568
2455,2664,2098,2407
2503,2853,2418,2535
2656,3239,261,2554
2682,2757,2579,2046
2697,3247,2631,3767
2818,2777,109,1999
2879,2676,236,2532
2923,2800,313,909
3008,621,2056,326
3050,2937,118,1244
3068,2752,291,3979
3069,3054,2306,2633
3093,3124,2477,987
3144,3079,82,2311
3192,3324,342,1524
3283,3022,2552,3153
3314,3062,104,3761
3326,3226,2563,1043
3340,2943,13,121
3374,2704,53,1896
3409,2740,211,2876
3410,2796,329,3770
3423,2867,2489,3880
3452,3403,128,1279
3465,2925,141,1461
3470,3221,224,807
3524,3104,334,3015
3546,2866,2060,1336
3579,3240,2532,2089
3620,3070,223,714
3658,3115,265,758
3735,3332,346,314
3780,3431,62,2933
3802,3056,185,1499
3809,3096,312,3515
3861,2872,158,3569
3898,2738,161,2878
3920,3174,232,988
3950,660,297,741
3967,3146,2213,2162
14,2913,2574,1701
20,2827,41,1906
39,2909,72,2723
57,2905,242,3683
66,2864,249,3636
144,3411,31,3102
227,648,238,3659
258,3353,48,3960
407,2725,94,1934
410,3342,204,2303
509,3274,92,2585
521,3339,115,3792
569,2920,231,1232
584,581,248,196
612,642,303,498
633,2918,320,3726
730,3140,88,2710
769,2875,148,838
771,2735,180,2000
806,638,299,1286
822,585,302,1152
831,602,331,2850
833,607,2210,3664
839,668,59,3616
931,613,101,1700
970,608,134,2977
1042,674,194,1798
1077,624,326,3802
1084,3106,123,3785
1177,2847,133,39
1197,3195,184,943
1234,3378,212,3957
1249,3416,257,1710
1385,2969,266,1293
1434,3284,276,3503
1544,2683,343,1848
1710,2936,1964,1556
1817,3362,2462,3190
1869,2904,2591,2403
1889,2698,1,3720
1922,3321,3,490
1978,2862,23,297
1992,2919,30,488
2012,2911,55,3929
2114,3021,116,2579
2119,2873,175,2682
2162,2780,214,685
2270,3084,254,3458
2402,2753,2537,1365
2490,3027,19,2685
2513,3077,24,2658
2584,3210,127,831
2677,2989,130,180
2700,3319,132,258
2707,3072,137,3068
2746,2689,187,2893
2820,3253,197,345
2883,3261,281,3578
2888,3420,284,2034
2982,3224,330,625
2995,3345,345,1144
3048,2880,2179,2310
3058,3149,14,3862
3095,3102,20,2306
3157,2665,39,1118
3205,3098,57,1342
3208,3089,66,2572
3222,3119,144,540
3242,3118,227,495
3357,3256,258,3671
3371,2940,2478,4004
3402,3064,2499,2766
3459,3391,2554,2373
3472,3108,75,3543
3476,2747,85,1572
3479,3178,105,1389
3484,3299,111,1629
3490,2706,149,1015
3532,3214,159,3835
3533,3418,176,2490
3549,3433,226,2360
3562,3206,251,2208
3574,3287,274,1922
3610,2950,290,969
3613,2912,2164,3608
3649,2734,2392,3088
3655,2985,5,2421
3685,2994,17,3349
3695,2720,28,144
3696,2666,29,1310
3701,2765,84,1792
3703,2988,99,912
3708,2974,108,1316
3726,2938,178,836
3739,3188,196,1154
3792,3073,310,3192
3815,2763,314,2314
3855,2970,2434,3476
3883,2815,45,212
3889,3184,65,2248
3912,3107,79,2961
3917,3142,121,992
3929,3293,143,260
3964,3410,341,2705
3975,2729,22,3914
3976,3288,36,3634
75,3204,50,99
85,2770,140,3509
105,2717,165,3713
111,3487,168,2805
149,3723,177,1140
159,3961,222,2041
176,3409,268,1532
226,2810,298,3209
246,2897,318,923
251,3454,2407,2456
274,3861,2,470
290,2773,4,2170
440,3065,10,101
576,3004,69,2837
588,2865,73,2821
590,2787,135,1550
626,2741,181,3796
693,2903,225,96
714,2680,275,2970
722,2993,278,3941
732,2749,295,3156
736,3220,309,1094
763,2712,16,2591
765,3040,38,352
768,3087,68,3888
794,3085,78,1081
844,2881,96,3358
1005,2945,100,631
1055,2825,139,1090
1088,3047,195,1958
1089,3316,218,901
1138,2971,230,3462
1143,2958,273,3269
1150,3029,306,2771
1422,2914,328,889
1518,3298,337,813
1641,2896,344,2747
1739,3191,1989,3623
1808,2931,8,38
1901,3158,54,375
2193,3296,60,2097
2205,3025,89,2903
2262,3196,91,711
2453,3364,93,59
2522,2955,106,3845
2562,2758,162,1087
2599,2921,221,3774
2771,3384,243,2942
2822,3327,259,1873
2837,2743,260,274
2876,3435,319,3817
2933,2785,333,3517
2957,3052,1963,655
2997,2929,2353,1089
3024,2806,2429,2769
3061,3086,51,2515
3066,3340,83,521
3151,3422,126,3200
3210,2708,129,3504
3229,3272,131,3656
3244,2835,151,779
3245,2823,167,302
3246,3177,208,284
3249,2932,237,2891
3315,2681,263,1625
3343,2672,296,1654
3361,2874,300,1814
3454,3219,311,2136
3481,3365,317,3701
3516,3346,338,4017
3523,2756,347,3762
3561,2996,2313,65
3567,3395,6,3530
3595,2871,32,1364
3624,3014,44,783
3663,3137,63,92
3675,2845,77,3551
3715,2768,86,3620
3773,3018,95,1880
3799,2744,102,2044
3818,3114,117,3229
3823,3207,147,622
3872,3369,219,20
3874,3238,229,3571
3937,3328,340,1248
3982,3301,27,2349
3998,3257,46,22
5,2662,110,536
17,3046,152,3771
28,2924,192,1822
29,3399,193,3703
84,2840,235,2096
87,2887,245,3958
99,3225,250,1956
108,3228,264,731
178,3160,283,3901
196,3259,49,3045
310,2728,124,3994
314,3250,174,3163
490,2783,190,2790
505,2844,201,938
528,3432,206,684
622,3166,220,3818
646,3377,262,2321
682,2675,270,902
712,3036,288,716
729,3212,289,3832
753,3081,307,3600
762,2684,327,2017
782,3279,2161,1930
789,3313,61,2935
837,3415,71,3995
843,2751,76,1042
889,3213,81,1134
900,2850,97,127
907,3016,112,3898
920,2690,155,4021
961,2953,157,3725
1090,3187,164,3743
1178,3129,179,3638
1266,2797,182,4038
1492,3135,191,134
1748,3023,207,1218
1749,3203,228,1174
1874,3255,240,477
1930,2701,247,565
2070,3275,253,3519
2217,3170,293,2888
2238,3400,294,1401
2357,2923,301,1141
2515,2854,321,3527
2524,2984,336,2383
2699,3223,33,1151
2710,3341,35,3130
2727,3303,42,3356
2744,2745,47,1478
2747,3264,52,4000
2766,2977,70,722
2821,2733,90,1517
2954,2836,138,623
2968,2907,145,2670
2990,2713,153,3904
3067,3148,154,778
3130,2819,160,73
3156,2739,183,730
3352,2711,205,2861
3405,2841,216,2895
3482,2843,233,1137
3483,3123,234,222
3503,3007,241,3507
3512,2784,244,1333
3547,3234,255,1116
3556,3041,256,765
3592,3262,267,2804
3630,2772,279,837
3644,3199,282,2454
3657,2908,286,1468
3679,2829,305,2258
3769,2859,316,2450
3778,3043,11,2262
3783,2795,12,4027
3819,2673,15,281
3847,3260,18,1601
3892,2832,37,885
3895,2715,43,3241
3944,2668,74,1234
45,2705,114,1773
58,3379,209,3520
65,3273,210,442
79,3243,215,1050
121,3176,287,4020
143,3039,292,3522
156,2737,335,14
173,2762,2058,1840
198,2957,2606,2770
341,2934,2136,2545
381,3010,2055,3194
382,2812,1970,2402
442,3394,2391,3478
477,3337,2232,737
535,2731,2235,2274
568,3211,2396,2251
575,3285,2287,197
628,2987,2438,1115
716,2761,2603,3425
723,3237,2304,478
742,2686,2536,1378
751,2947,2243,1764
799,2846,2280,3548
836,2696,2659,707
857,2830,1980,100
909,3215,1923,2301
943,2688,1919,3141
1013,3032,1927,3493
1043,2870,1981,3658
1045,2803,2259,2255
1244,3390,2365,3418
1251,3306,2620,740
1364,2856,2126,50
1384,3980,2211,3614
1401,4011,2645,3682
1499,3193,2006,3878
1527,3163,2345,85
1602,3080,2657,2186
1696,3236,2226,950
1802,3209,2311,3789
1822,2949,2610,709
1853,4031,1935,123
1892,3103,2022,1890
1934,3989,2367,3859
1950,3061,2387,1961
2360,2682,2202,809
2373,3189,2258,970
2450,2981,2390,1928
2685,3013,2473,3591
2709,3356,2652,4002
2723,3373,2061,3916
2769,3380,2075,2019
2791,3405,2159,1093
2847,3075,2518,3243
2935,2687,2648,3133
3028,2685,1914,2105
3105,3069,2222,3627
3112,2891,2322,243
3155,2663,2449,3837
3190,2967,2479,904
3254,3286,2361,276
3281,3294,2576,2479
3292,2831,1960,2779
3349,2702,2092,3772
3541,3110,2110,3660
3581,3231,2145,2130
3594,3167,2057,1438
3616,2779,2147,612
3622,3156,2192,2947
3639,3421,2221,2678
3654,3192,2415,657
3736,3359,2627,3736
3763,2978,2633,2652
3784,3009,1921,956
3788,3157,2011,1263
3817,2848,2242,1915
3832,3161,2585,733
3840,2759,1931,3251
3919,2948,1942,626
3949,3430,1957,3868
3979,2858,2488,1784
4014,3276,2097,2265
22,3343,2129,166
36,3042,2297,2926
50,2697,2049,194
140,2868,2107,1708
150,2917,2236,3622
165,3383,2318,3099
168,3068,2416,2834
177,2965,2639,3452
222,3308,1975,3618
268,3393,1987,996
298,2794,2209,786
318,3171,2231,344
380,3307,2317,2025
405,2983,2346,551
491,3414,2366,2794
502,2746,2371,295
522,3266,2379,17
574,2851,2406,3388
629,3109,2425,2141
631,3398,2476,105
639,3329,2658,187
826,3246,1968,3574
863,3194,2274,2070
876,2807,2397,664
974,3241,2525,759
986,2995,2637,2400
1030,2802,1958,3894
1050,3139,1999,1869
1094,2933,2029,3812
1134,2700,2091,3769
1218,2667,2296,1044
1268,2727,2335,2435
1599,2809,2440,3908
1670,3138,2626,2522
1887,3024,2000,4026
1905,3133,2067,1476
1915,2818,2448,317
1933,2997,2228,3646
2105,2771,2393,251
2130,3312,2411,3428
2177,3357,2021,3039
2265,3093,2412,1203
2424,2789,2540,2990
2466,3358,2557,1933
2535,3151,2613,3161
2568,3326,2025,2701
2688,2954,2035,3262
2695,3144,2085,424
2760,2878,2173,3972
2816,2935,1944,28
2852,2882,2234,2362
2861,3050,2272,2424
2878,3058,2303,3159
2900,2876,2342,3644
2941,3190,2350,2650
2961,3155,2432,3492
3012,2726,2612,605
3063,3371,2628,2513
3092,3112,2156,935
3141,2820,2214,929
3153,3318,2435,2687
3200,3244,2480,3986
3202,3300,2644,192
3311,2900,2341,3197
3358,3392,2474,3863
3367,3048,2566,149
3446,3063,2023,583
3515,3012,2044,106
3536,3281,2362,3652
3598,2889,2427,54
3621,3374,2497,1489
3638,3249,1988,1039
3668,3242,2141,3216
3796,3325,2146,3580
3857,2670,2160,108
3863,3352,2286,2439
3940,3208,2383,3887
3994,2990,2581,633
3997,3067,1928,693
4021,3095,2050,3414
4031,3083,2089,615
2,3202,2120,2811
4,2852,2310,3777
10,3309,2443,3473
69,3367,2531,165
73,3402,2618,533
135,3254,1936,3632
146,2888,2197,2524
181,3315,2207,1884
225,2703,2208,588
275,3368,2558,2884
278,3382,3861,89
295,2766,2036,319
309,2959,2096,1756
429,2972,2288,3446
433,3229,2401,1254
435,2821,2570,3754
437,3292,2622,3940
449,2723,1965,603
459,2898,1990,502
532,3270,2260,176
541,2942,2405,746
587,3008,2577,2606
707,2879,3454,794
715,3423,1982,2816
756,3314,2019,816
759,3283,2249,2080
813,2695,2314,3439
850,3092,2400,168
861,2837,2572,843
878,2710,2587,3587
950,3066,2641,177
955,2791,2016,998
956,2816,2082,3997
979,3334,2152,600
1061,3389,2170,643
1073,3349,2186,661
1342,2980,2248,3290
1368,3088,2349,226
1411,2982,2426,453
1463,2769,2486,2634
1562,3424,2534,3694
1708,2961,2650,1664
1788,3130,1952,3976
1814,2709,2048,3441
1840,3235,2076,3663
1908,2790,2181,1381
2014,2801,2291,2651
2113,3153,2403,45
2158,3310,2523,3315
2252,3015,2614,3250
2255,2895,2099,3450
2301,3388,2277,965
2316,2699,2305,2886
2439,3028,2312,2959
2452,2736,2320,1602
2801,3105,2444,1162
2802,2804,2454,2703
2826,3159,2455,2166
2882,3197,2503,826
2886,3094,2656,691
2926,2811,3487,3227
2942,2722,1922,2802
3015,3425,1978,3531
3053,3370,1992,681
3083,3311,2012,3544
3088,3099,2114,3678
3099,3128,2119,587
3128,2886,2162,330
3133,2926,2270,229
3164,3323,2402,2008
3388,3375,2490,1463
3418,2714,2513,2466
3425,3141,2584,486
3487,3200,2193,3654
3520,2861,2205,8
3539,3427,2262,91
3543,3338,2453,259
3583,3053,2522,3641
3614,3269,2562,2051
3631,2834,2599,2227
3641,3030,3723,1974
3659,3044,1930,1084
3664,2893,2070,1164
3681,3436,2217,1220
3720,2692,2238,3696
3766,3218,2357,318
3767,3354,2515,3685
3770,3122,2524,3893
3777,3251,3961,3083
3878,3217,1934,3477
3880,3376,1950,522
3888,3401,2360,3905
3934,3428,2373,3778
4004,2805,2450,767
4009,3045,1915,3012
16,3126,1933,77
38,3322,2105,2972
68,2799,2130,3757
78,3181,2177,662
96,2732,2265,75
100,2930,2424,3727
139,3131,2466,3988
195,3180,2535,1249
218,3317,2568,3724
230,3175,2014,1592
273,3333,2113,311
306,2884,2158,4009
328,3091,2252,219
337,2721,2255,2281
344,2824,2301,2487
364,2671,2316,2584
427,3429,2439,3585
466,3336,2452,3917
529,3216,1977,974
564,3372,2013,1057
663,2902,2051,796
690,2860,2066,1168
746,2899,2080,3934
776,2855,2166,1771
786,2767,2251,3970
808,3305,2281,2452
811,2776,2487,529
816,3055,2514,2113
821,3074,2545,3607
885,3127,1949,870
888,2774,1956,3843
912,3227,2034,671
928,3059,2041,1777
998,2963,2175,3314
1016,3271,2182,611
1023,2817,2421,593
1093,3147,2456,2320
1111,3121,2548,3739
1140,3143,1961,2908
1154,2952,1974,3472
1193,2798,2008,846
1202,2998,2017,278
1220,2808,2094,578
1239,3006,2227,627
1387,3413,2245,658
1403,2975,2256,659
1443,2922,2263,2050
1445,3282,2321,3631
1477,3037,2528,117
1490,2792,2632,955
1631,2691,2651,1368
1896,3125,1924,599
1977,3408,2100,1838
2013,3134,2358,723
2051,2857,2375,4019
2066,2788,2388,2388
2080,3407,2493,3827
2166,3268,2517,3913
2251,860,2580,1821
2281,2842,2621,3502
2487,3071,2015,364
2514,3230,2167,1038
2545,3183,2219,1147
2678,3031,2230,1607
2790,3633,2422,1949
2804,3948,2431,3805
2834,3830,2437,650
2895,3684,2505,675
3122,3851,2634,1992
3218,3577,1937,16
3251,3501,1969,2917
3269,3677,1996,3920
3308,3756,2106,3745
3334,3495,2204,3092
3338,3797,2441,3773
3354,3692,2527,2175
3368,3456,2565,69
3427,3877,2168,821
3439,3962,2178,632
3492,3609,2380,1354
3507,3674,2442,3217
3522,3525,2481,986
3531,3651,2483,1133
3551,3721,2595,1295
3566,3886,2382,1797
3580,3750,2541,2609
3603,3540,2079,4
3666,862,2195,49
3671,3943,2269,152
3682,3440,2457,181
3775,3741,2470,190
3876,3550,2569,193
3894,3872,2596,245
3958,3556,857,275
3986,3592,3596,757
3995,3561,3545,1417
4000,3938,3938,1711
4017,3596,3604,1713
4026,3968,3838,3271
4038,3586,3521,3673
8,3604,3611,3128
54,3449,3824,266
60,3734,3584,1748
89,3545,3734,710
91,3625,3793,55
93,3873,3800,1363
106,3971,3804,2801
162,3693,3506,1061
217,3448,3448,1301
221,3841,3488,3498
243,3842,3586,3235
259,3551,3593,1568
260,3621,3672,3371
319,3566,3930,3461
333,3496,3966,509
385,3800,3971,2514
399,3656,3968,3447
441,3618,3442,1978
478,3605,3449,2312
501,3824,3790,1069
534,3480,3758,126
540,3517,3906,756
594,3504,3680,1319
672,3884,3926,3283
689,3667,3576,2205
702,3611,3640,3323
710,3672,3902,598
725,3530,3514,124
733,3925,3842,206
740,3779,3924,3044
761,3966,3731,3637
767,3697,3605,3890
812,3521,3737,1063
867,3438,3455,972
880,3683,3558,337
882,3563,3702,2971
886,3780,3705,762
923,3547,3873,2503
1008,3889,3625,3053
1053,3828,3629,3333
1103,3576,3829,640
1162,3760,3860,3661
1203,3831,3528,3819
1248,3838,3529,1648
1414,3702,3568,382
1461,3475,3794,751
1506,3642,3810,3996
1640,3930,3951,890
1697,3880,3884,1874
1731,3491,3900,844
1775,3514,3945,863
1865,3860,3518,876
1949,3929,3542,881
1956,3533,3553,290
2034,3804,3599,68
2041,3687,3617,225
2175,3926,3687,341
2182,3796,3722,491
2421,3858,3841,1788
2456,3902,3475,3423
2548,3471,3782,867
2725,3600,3826,3202
2732,3463,3833,1251
2799,3944,3858,3657
2805,3488,3869,1493
2893,3852,3947,2015
2898,3790,3464,3598
2903,3726,3557,24
2930,3573,3918,864
3030,4038,3486,3675
3045,3775,3526,283
3126,4013,3738,254
3131,3578,3822,3655
3180,3904,3921,390
3181,3991,3468,3063
3197,3444,3693,385
3235,3849,3711,958
3266,3742,3764,2305
3322,3859,3460,3382
3376,3673,3469,2066
3398,3954,3728,879
3401,3733,3730,429
3428,3737,3828,307
3461,3950,3559,406
3502,857,3590,1194
3504,3788,3635,2527
3530,3703,3718,3121
3548,3484,3740,3665
3572,3731,3825,3978
3585,3635,3466,3999
3607,3736,3569,1264
3626,3888,3690,3338
3647,698,3710,3427
3712,3512,3713,2270
3723,3654,3714,670
3754,3670,3821,3305
3755,3518,3835,3457
3772,3817,3867,1950
3789,3640,3870,2263
3814,3557,3907,3923
3827,3462,3471,3912
3843,3492,3480,3603
3871,3847,3505,861
3901,3552,3636,3436
3905,3979,3706,704
3914,3522,3753,3806
3932,3574,3831,2358
3973,3527,3969,985
3981,3528,3438,3595
4019,3680,3463,2776
4020,3559,3497,338
51,3845,3508,1443
64,3712,3578,3814
83,3520,3643,2444
126,3542,3707,2613
129,3913,3891,3494
131,3455,3927,3839
151,3785,3956,1977
167,3617,3491,3882
189,3526,3527,893
208,3891,3534,665
237,3755,3628,300
263,3707,3642,3735
296,3461,3667,3537
300,3548,3719,4013
311,3945,3768,2016
317,3762,3443,878
338,3970,3509,1031
347,3658,3511,812
393,3452,3573,3567
480,3730,3634,2746
549,3590,3656,2021
586,3918,3670,1853
621,3469,3747,3963
657,3793,3836,3985
679,3738,3852,866
700,3795,3909,895
791,3477,3915,66
796,3584,3931,3112
798,3506,3933,93
869,3593,3499,51
870,3825,3554,83
871,3497,3601,237
872,3442,3648,1297
874,3628,3697,3513
881,3906,3761,140
890,3758,3779,1731
935,4023,3786,333
937,3927,3791,2879
985,3924,3803,505
1058,3832,3896,702
1087,3554,3458,2158
1240,3705,3462,937
1372,3803,3500,1200
1552,3629,3510,3874
1654,3957,3538,3479
1701,3558,3555,3562
1961,3603,3615,3613
1974,3722,3618,3649
2008,3898,3845,3695
2017,4004,3850,3883
2094,3612,3485,689
2227,3752,3493,3630
2245,3610,3496,869
2256,3695,3517,1442
2263,3613,3535,2437
2321,3883,3591,3619
2528,3479,3608,3742
2632,3562,3612,1498
2651,3649,3623,575
2752,3829,3627,2900
2811,4020,3725,2528
2902,3516,3743,2012
3094,3481,3752,979
3159,3523,3759,3840
3165,3450,3776,3681
3216,3869,3785,761
3317,3794,3862,2695
3323,3951,3866,3552
3333,3934,3450,2
3336,4027,3474,60
3372,3529,3498,1005
3389,3568,3645,3481
3424,3627,3698,3523
3436,4002,3774,1640
3445,3772,3868,577
3552,3810,3881,347
3600,3919,3903,3308
3652,3639,3913,3389
3669,3594,3957,3647
3700,3464,3972,3815
3716,3553,3473,3892
3771,3900,3478,1157
3812,3457,3519,3787
3813,3826,3563,4037
3834,3947,3564,1239
3864,3599,3571,3932
3899,3964,3587,791
3904,3833,3602,3465
3908,3908,3646,3579
3911,3782,3662,3030
3916,3839,3683,3834
3923,3485,3757,2014
3941,3486,3760,3334
3961,3822,3762,340
3988,3921,3837,882
4002,3502,3960,788
4018,3765,3452,721
4027,3813,3465,3889
6,3911,3470,3993
32,3669,3524,3755
44,3864,3546,2182
63,3700,3579,3712
77,3764,3620,1759
86,3626,3658,61
95,3711,3735,81
102,3728,3780,95
117,3468,3802,179
147,3661,3809,240
163,3978,3898,247
219,3805,3920,301
229,3460,3950,356
269,3740,3967,383
340,3718,3459,386
365,3505,3472,411
390,3569,3476,1353
476,3713,3479,1693
498,3714,3484,1760
533,3835,3490,1937
655,3907,3532,2178
691,3870,3533,2714
825,3867,3549,2952
846,3637,3562,2975
873,3710,3574,3751
879,3544,3610,3801
887,3916,3613,3816
895,3928,3649,1887
987,3466,3655,2177
1133,3706,3685,3281
1151,3753,3695,162
1168,3565,3696,3788
1254,3467,3701,700
1263,3821,3703,3008
1297,3689,3708,3715
1301,3969,3726,371
1498,3690,3739,3058
1521,3915,3792,621
1664,3560,3815,3398
1759,3691,3855,3981
1792,3717,3883,3368
1838,3744,3889,3606
1855,3503,3912,2699
1890,3636,3917,880
1924,3511,3929,725
2100,3956,3964,3516
2358,3555,3975,3541
2375,3643,3976,562
2388,3508,3481,10
2493,3601,3516,3977
2517,3909,3523,2094
2580,3575,3567,832
2621,3534,3595,221
2671,3768,3621,2982
2721,3719,3624,690
2767,3931,3663,2013
2774,3509,3675,2898
2776,3443,3715,808
2824,3634,3773,3370
2884,3786,3799,129
2899,3747,3818,167
3044,3761,3823,530
3055,3474,3874,1186
3074,3896,3937,706
3091,3615,3482,1802
3127,3850,3483,3973
3161,3688,3503,2496
3175,3499,3512,3795
3217,3645,3547,2245
3270,3836,3630,97
3370,3589,3644,155
3432,3648,3657,157
3441,3942,3679,174
3447,3591,3769,182
3457,3608,3778,253
3477,3933,3783,270
3513,3458,3819,384
3632,3510,3847,399
3660,3791,3892,441
3661,3493,3895,501
3665,3498,3944,552
3724,3862,3541,790
3727,3623,3581,1002
3745,3866,3594,1105
3749,3972,3616,2106
3751,3698,3622,2548
3806,3535,3639,2998
3848,3500,3654,3954
3859,3681,3736,235
3893,3538,3763,1865
3936,3759,3784,3708
3963,3903,3788,3975
3970,3470,3817,381
3977,3881,3832,3367
3985,3776,3840,1905
3989,3725,3919,298
3993,3743,3949,2852
4013,3802,3979,2256
27,3646,3446,268
34,3735,3515,2568
46,3940,3536,151
110,3662,3598,2493
152,3564,3626,628
192,3602,3638,2632
193,3774,3668,2963
235,3868,3796,27
245,3815,3857,294
250,3620,3863,884
264,3519,3940,1510
283,3837,3520,2422
349,3757,3539,3310
351,3685,3543,3375
371,3571,3583,3429
453,3472,3614,3444
464,3587,3631,3588
472,3478,3641,3849
485,3960,3659,3953
562,3473,3664,582
593,3524,3681,4018
610,3773,3720,3352
649,3976,3766,3122
671,3549,3767,3218
704,3579,3770,3354
721,3465,3777,380
735,3855,3878,2580
802,3459,3880,36
858,3967,3888,928
864,3920,3934,2599
866,3532,3439,715
910,3543,3492,1439
929,3792,3507,365
1038,3809,3522,3094
1057,3937,3531,466
1147,3818,3551,1924
1157,3769,3566,6
1264,3715,3580,147
1295,3975,3603,894
1346,3708,3666,1996
1354,3546,3671,2565
1417,3663,3682,2621
1442,3659,3775,2774
1455,3778,3876,3055
1476,3799,3894,3074
1486,3476,3958,3127
1579,3655,3461,3270
1607,3912,3502,3749
1657,3739,3504,3848
1711,3917,3530,3925
1776,3701,3548,672
1777,3696,3572,1490
1797,3895,3585,3783
2015,3482,3607,250
2167,3823,3647,1506
2219,3784,3712,79
2230,3490,3754,3857
2422,3630,3755,263
2431,3675,3772,296
2437,3874,3789,872
2505,3567,3814,874
2634,3595,3827,1474
2692,3840,3843,3143
2736,3515,3871,3952
2817,3770,3901,3991
2980,3483,3905,4011
3059,3581,3914,3311
3147,3624,3932,735
3227,3644,3973,3581
3271,3892,3445,3594
3290,3763,3552,208
3305,3819,3600,2692
3310,3783,3652,164
3429,3657,3669,289
3444,3622,3700,2481
3489,3598,3716,2732
3544,3679,3771,2930
3606,3668,3812,3126
3637,3541,3813,3131
3676,3914,3834,3180
3678,3616,3864,3181
3694,3583,3899,3322
3742,3949,3904,3781
3787,3876,3908,3946
3795,3777,3911,349
3805,3857,3916,886
3839,3666,3923,1022
3844,3614,3941,1111
3849,3631,3441,3266
3887,3878,3447,3424
3890,3638,3457,1631
3925,3863,3477,2799
4003,3446,3513,139
49,3767,3632,3766
120,3539,3660,3936
124,3536,3661,576
125,3766,3665,595
166,3664,3724,2252
174,3641,3727,3865
190,3827,3745,2230
201,3958,3749,2798
202,3720,3751,3876
206,3941,3806,1892
220,3507,3848,3666
262,3671,3859,1579
270,3843,3893,3668
288,3686,3936,2899
289,3973,3963,3639
307,3754,3970,3871
327,3531,3977,3919
384,3572,3444,3175
406,3682,3489,3928
467,3580,3544,288
530,3894,3606,1414
552,3439,3637,1775
572,3660,3676,2442
652,3871,3678,11
673,3607,3694,12
717,3901,3742,15
757,3647,3787,18
788,3814,3795,32
790,3905,3805,33
832,3789,3839,35
851,3585,3844,37
852,3936,3849,42
855,3932,3887,43
865,3834,3890,44
868,3445,3925,46
877,3899,3494,47
884,3652,3537,52
893,3923,3565,63
894,3771,3588,70
945,3812,3619,71
996,3716,3653,74
1002,3893,3673,76
1022,3977,3686,78
1031,3724,3765,86
1105,3619,3781,90
1194,3632,3865,102
1200,3848,3882,110
1383,3665,3897,112
1474,3749,3910,114
1510,3441,3939,131
1651,3447,3946,135
1713,3806,3952,138
1762,3745,3953,145
1856,3513,3954,153
1937,3963,3965,154
1969,3727,3978,160
1996,3751,3467,183
2106,3890,3560,191
2204,3953,3575,195
2441,3678,3582,201
2527,3694,3597,205
2565,3676,3689,207
2838,3489,3691,209
2855,3887,3699,210
2885,3844,3717,215
2963,3606,3733,216
2971,3787,3744,218
3003,3865,3801,220
3121,3597,3811,228
3143,3897,3816,233
3494,3882,3928,234
3537,3588,3955,241
3565,3494,3589,244
3588,3653,3688,255
3619,3910,3704,256
3653,3965,3732,262
3673,3946,3746,264
3686,3781,3807,267
3765,3939,3808,273
3781,3952,3846,279
3865,3537,3854,282
3882,3955,3875,286
3897,3582,3879,287
3910,3801,3885,292
3939,3816,3922,293
3946,3811,3942,305
3952,3699,3959,306
3953,3704,3451,309
3954,3854,3453,316
3965,3879,3570,321
3978,3732,3650,327
3990,3808,3709,328
3996,3959,3729,335
3999,3922,3748,336
4007,3807,3798,358
4011,3875,3820,377
4016,3885,3853,379
4025,3846,3856,393
4037,3746,3935,401
61,3935,3974,443
71,3453,865,447
76,3853,868,448
81,3729,3980,454
97,3650,4031,467
112,3820,3989,468
155,3974,4011,476
157,3451,686,485
164,3748,828,499
179,3798,713,550
182,3570,805,571
191,3709,719,572
207,3856,745,581
228,4030,747,585
240,3998,823,586
247,3982,830,602
253,4014,697,607
293,3997,703,608
294,3994,856,613
301,4021,774,624
321,4009,800,638
336,3995,819,642
356,4026,810,648
383,3986,708,652
386,3981,840,656
411,4017,803,660
448,4000,772,667
454,4018,804,668
499,4019,769,673
571,3988,729,674
656,3993,753,692
660,3985,776,699
667,4003,811,717
743,4037,798,743
785,3996,825,744
854,3999,880,749
899,3990,890,750
904,4016,869,775
1027,4007,889,785
1034,4025,863,801
1046,4034,876,802
1071,4005,861,841
1208,4033,878,851
1252,3992,888,852
1253,4006,882,854
1353,4032,864,855
1362,3983,871,858
1546,4028,893,859
1586,4036,886,865
1627,4029,885,868
1693,3987,867,873
1760,4001,870,875
2168,4012,872,877
2178,3984,874,883
2380,4024,881,887
2442,4035,873,888
2481,4015,879,891
2483,4010,887,892
2595,4022,895,899
2691,4008,858,910
2714,865,866,911
2722,868,877,918
2792,871,884,945
2798,686,894,1016
2808,856,859,1027
2860,747,875,1034
2922,828,883,1046
2952,823,891,1065
2975,697,892,1071
2998,805,4030,1096
3037,719,4023,1119
3375,774,3982,1145
3413,713,3998,1176
3467,708,4014,1206
3560,800,3994,1208
3575,830,3997,1224
3582,819,4021,1233
3597,840,4004,1252
3689,745,4009,1253
3691,769,3986,1262
3699,810,3995,1270
3717,753,4000,1276
3733,804,4017,1326
3744,729,4026,1346
3801,889,4038,1362
3811,703,3981,1372
3816,863,4019,1383
3928,876,4020,1386
3955,772,3988,1394
3991,861,4002,1395
3992,878,4018,1403
4005,811,4027,1430
4033,888,3985,1455
33,776,3993,1466
35,885,4013,1486
42,880,4003,1521
47,882,3990,1546
52,886,3996,1558
70,867,3999,1560
90,881,4007,1581
138,870,4016,1586
145,869,4025,1627
153,890,4037,1651
154,874,3991,1657
160,872,3992,1690
183,895,4005,1755
205,879,4033,1762
216,825,3983,1776
233,803,3987,1834
234,887,4001,1854
241,873,4006,1856
244,858,4012,1967
255,864,4028,1969
256,866,4029,2079
267,893,4032,2100
279,877,4034,2167
282,894,4036,2168
286,884,3984,2195
305,798,4008,2204
316,859,4010,2219
377,875,4015,2269
379,892,4022,2375
401,891,4024,2380
443,883,4035,2382
468,705,705,2431
581,694,824,2441
642,688,688,2457
648,824,694,2470
699,827,781,2483
744,781,815,2505
749,815,724,2517
750,834,728,2541
775,752,827,2569
841,696,853,2595
859,724,834,2596
860,853,695,2671
1065,780,784,2691
1176,820,820,2704
1224,728,849,2721
1233,760,687,2722
1262,687,752,2736
1270,766,842,2740
1276,731,726,2767
1326,695,773,2788
1394,814,766,2792
1395,726,780,2808
1430,773,829,2814
1558,838,696,2817
1690,842,760,2824
1755,754,838,2838
1854,739,754,2842
1967,718,718,2855
2382,845,739,2857
2541,784,807,2860
2704,792,787,2885
2740,807,731,2902
2788,848,764,2922
2814,817,797,2980
2857,709,814,3003
3006,847,727,3006
3125,849,770,3031
3134,764,847,3037
3268,727,738,3059
3282,787,765,3071
3407,706,817,3091
3408,829,701,3125
3589,701,734,3134
3688,835,792,3147
3704,737,845,3183
3732,741,763,3230
3746,844,848,3268
3807,748,835,3282
3808,765,711,3317
3846,762,748,3336
3854,837,755,3372
3875,738,758,3376
3879,797,782,3401
3885,770,793,3407
3922,734,720,3408
3942,779,706,3413
3959,778,709,3445
3983,693,777,3451
3987,831,779,3453
4001,843,783,3467
4006,720,809,3489
4012,751,730,3560
4028,730,741,3565
4029,735,795,3570
4032,711,818,3572
4034,777,735,3575
4036,758,737,3582
11,755,778,3589
12,722,693,3597
15,794,831,3650
18,723,844,3653
37,759,771,3669
43,763,806,3676
74,761,822,3686
114,710,833,3688
209,818,839,3689
210,851,843,3691
215,809,714,3699
287,793,722,3700
292,715,732,3704
335,826,736,3709
358,756,762,3716
447,799,768,3717
550,813,794,3729
585,846,837,3732
602,782,712,3733
607,721,716,3744
608,783,723,3746
613,795,751,3748
624,690,789,3765
638,716,742,3798
668,812,799,3807
674,700,826,3808
692,736,836,3811
801,742,715,3813
875,850,756,3820
883,833,759,3844
891,768,707,3846
892,733,813,3853
911,746,850,3854
918,816,690,3856
1096,790,710,3864
1119,832,746,3875
1145,717,761,3879
1206,852,786,3885
1386,855,808,3897
1466,836,812,3899
1560,821,816,3910
1581,740,821,3911
1834,808,689,3922
2079,771,702,3935
2195,786,725,3939
2269,822,733,3942
2457,704,740,3955
2470,806,767,3959
2569,839,700,3965
2596,789,791,3974
2842,712,796,3983
3031,714,846,3984
3071,732,691,3987
3183,854,721,3990
3230,707,704,3992
3451,796,802,4001
3453,757,832,4003
3570,725,851,4005
3650,791,717,4006
3709,691,757,4007
3729,744,788,4008
3748,767,790,4010
3798,785,852,4012
3820,689,855,4015
3853,702,743,4016
3856,802,785,4022
3935,750,854,4024
3974,743,699,4025
3984,788,744,4028
4008,699,749,4029
4010,841,750,4032
4015,775,775,4033
4022,749,841,4034
4024,692,692,4035
4035,801,801,4036
